Architecture,Iteration,Samples,Byte/thd,ChaseThds,ChaseNS,ChaseMibs,ChDeviate,LoadThds,LdMaxMibs,LdAvgMibs,LdDeviate,ChaseArg,MemLdArg
Intel,1,5,32768,0,0,0,0,1,187035,186980,0,--------,memcpy-libc
Intel,2,5,32768,0,0,0,0,1,186553,186522,0,--------,memcpy-libc
Intel,3,5,32768,0,0,0,0,1,187877,187818,0.001,--------,memcpy-libc
Intel,1,5,524288,0,0,0,0,1,85552,85529,0.001,--------,memcpy-libc
Intel,2,5,524288,0,0,0,0,1,85902,85887,0,--------,memcpy-libc
Intel,3,5,524288,0,0,0,0,1,85943,85908,0.001,--------,memcpy-libc
Intel,1,5,16777216,0,0,0,0,1,13690,13597,0.013,--------,memcpy-libc
Intel,2,5,16777216,0,0,0,0,1,13645,13580,0.013,--------,memcpy-libc
Intel,3,5,16777216,0,0,0,0,1,13570,13485,0.017,--------,memcpy-libc
Intel,1,5,1073741824,0,0,0,0,1,10207,10189,0.003,--------,memcpy-libc
Intel,2,5,1073741824,0,0,0,0,1,10226,10209,0.003,--------,memcpy-libc
Intel,3,5,1073741824,0,0,0,0,1,10215,10207,0.002,--------,memcpy-libc
Intel,1,5,32768,0,0,0,0,4,807013,806945,0,--------,memcpy-libc
Intel,2,5,32768,0,0,0,0,4,828449,828377,0,--------,memcpy-libc
Intel,3,5,32768,0,0,0,0,4,840305,840271,0,--------,memcpy-libc
Intel,1,5,524288,0,0,0,0,4,345287,345235,0,--------,memcpy-libc
Intel,2,5,524288,0,0,0,0,4,344325,344229,0,--------,memcpy-libc
Intel,3,5,524288,0,0,0,0,4,345707,345676,0,--------,memcpy-libc
Intel,1,5,16777216,0,0,0,0,4,50409,50166,0.013,--------,memcpy-libc
Intel,2,5,16777216,0,0,0,0,4,50805,50547,0.01,--------,memcpy-libc
Intel,3,5,16777216,0,0,0,0,4,50761,50316,0.018,--------,memcpy-libc
Intel,1,5,1073741824,0,0,0,0,4,39893,39853,0.004,--------,memcpy-libc
Intel,2,5,1073741824,0,0,0,0,4,39840,39782,0.003,--------,memcpy-libc
Intel,3,5,1073741824,0,0,0,0,4,39838,39746,0.004,--------,memcpy-libc
Intel,1,5,32768,0,0,0,0,8,1639527,1633793,0.01,--------,memcpy-libc
Intel,2,5,32768,0,0,0,0,8,1652086,1647624,0.004,--------,memcpy-libc
Intel,3,5,32768,0,0,0,0,8,1670605,1668236,0.003,--------,memcpy-libc
Intel,1,5,524288,0,0,0,0,8,687115,686916,0.001,--------,memcpy-libc
Intel,2,5,524288,0,0,0,0,8,688840,688726,0,--------,memcpy-libc
Intel,3,5,524288,0,0,0,0,8,687520,687336,0.001,--------,memcpy-libc
Intel,1,5,16777216,0,0,0,0,8,83307,83133,0.004,--------,memcpy-libc
Intel,2,5,16777216,0,0,0,0,8,83279,83075,0.007,--------,memcpy-libc
Intel,3,5,16777216,0,0,0,0,8,83299,83135,0.006,--------,memcpy-libc
Intel,1,5,1073741824,0,0,0,0,8,75555,75387,0.003,--------,memcpy-libc
Intel,2,5,1073741824,0,0,0,0,8,75651,75612,0.001,--------,memcpy-libc
Intel,3,5,1073741824,0,0,0,0,8,75638,75537,0.002,--------,memcpy-libc
Intel,1,5,32768,0,0,0,0,12,2511947,2508723,0.002,--------,memcpy-libc
Intel,2,5,32768,0,0,0,0,12,2474505,2472488,0.002,--------,memcpy-libc
Intel,3,5,32768,0,0,0,0,12,2462066,2458681,0.003,--------,memcpy-libc
Intel,1,5,524288,0,0,0,0,12,1032277,1031083,0.002,--------,memcpy-libc
Intel,2,5,524288,0,0,0,0,12,1033660,1033129,0.001,--------,memcpy-libc
Intel,3,5,524288,0,0,0,0,12,1033071,1032309,0.002,--------,memcpy-libc
Intel,1,5,16777216,0,0,0,0,12,93437,93233,0.006,--------,memcpy-libc
Intel,2,5,16777216,0,0,0,0,12,93411,93293,0.002,--------,memcpy-libc
Intel,3,5,16777216,0,0,0,0,12,93343,93284,0.002,--------,memcpy-libc
Intel,1,5,1073741824,0,0,0,0,12,92582,92496,0.002,--------,memcpy-libc
Intel,2,5,1073741824,0,0,0,0,12,92570,92495,0.002,--------,memcpy-libc
Intel,3,5,1073741824,0,0,0,0,12,92497,92429,0.002,--------,memcpy-libc
Intel,1,5,32768,0,0,0,0,16,3307039,3303540,0.003,--------,memcpy-libc
Intel,2,5,32768,0,0,0,0,16,3349867,3338599,0.005,--------,memcpy-libc
Intel,3,5,32768,0,0,0,0,16,3255489,3253084,0.001,--------,memcpy-libc
Intel,1,5,524288,0,0,0,0,16,1377411,1375970,0.003,--------,memcpy-libc
Intel,2,5,524288,0,0,0,0,16,1376656,1375492,0.002,--------,memcpy-libc
Intel,3,5,524288,0,0,0,0,16,1368614,1367158,0.004,--------,memcpy-libc
Intel,1,5,16777216,0,0,0,0,16,92910,92844,0.002,--------,memcpy-libc
Intel,2,5,16777216,0,0,0,0,16,92994,92971,0.001,--------,memcpy-libc
Intel,3,5,16777216,0,0,0,0,16,92597,92216,0.01,--------,memcpy-libc
Intel,1,5,1073741824,0,0,0,0,16,92624,92412,0.007,--------,memcpy-libc
Intel,2,5,1073741824,0,0,0,0,16,92565,92435,0.003,--------,memcpy-libc
Intel,3,5,1073741824,0,0,0,0,16,92550,92408,0.005,--------,memcpy-libc
Intel,1,5,32768,0,0,0,0,20,2854965,2850619,0.003,--------,memcpy-libc
Intel,2,5,32768,0,0,0,0,20,2934802,2928035,0.005,--------,memcpy-libc
Intel,3,5,32768,0,0,0,0,20,2854995,2847694,0.005,--------,memcpy-libc
Intel,1,5,524288,0,0,0,0,20,1299326,1298193,0.002,--------,memcpy-libc
Intel,2,5,524288,0,0,0,0,20,1301219,1300330,0.001,--------,memcpy-libc
Intel,3,5,524288,0,0,0,0,20,1284094,1283181,0.001,--------,memcpy-libc
Intel,1,5,16777216,0,0,0,0,20,91640,91442,0.006,--------,memcpy-libc
Intel,2,5,16777216,0,0,0,0,20,91583,91502,0.003,--------,memcpy-libc
Intel,3,5,16777216,0,0,0,0,20,91699,91614,0.002,--------,memcpy-libc
Intel,1,5,1073741824,0,0,0,0,20,91595,91517,0.002,--------,memcpy-libc
Intel,2,5,1073741824,0,0,0,0,20,91710,91572,0.003,--------,memcpy-libc
Intel,3,5,1073741824,0,0,0,0,20,91677,91609,0.001,--------,memcpy-libc
Intel,1,5,32768,0,0,0,0,24,2418224,2416351,0.001,--------,memcpy-libc
Intel,2,5,32768,0,0,0,0,24,2370601,2368374,0.003,--------,memcpy-libc
Intel,3,5,32768,0,0,0,0,24,2436323,2435093,0.002,--------,memcpy-libc
Intel,1,5,524288,0,0,0,0,24,1248752,1248004,0.002,--------,memcpy-libc
Intel,2,5,524288,0,0,0,0,24,1235447,1234056,0.003,--------,memcpy-libc
Intel,3,5,524288,0,0,0,0,24,1225121,1221470,0.01,--------,memcpy-libc
Intel,1,5,16777216,0,0,0,0,24,90829,90785,0.001,--------,memcpy-libc
Intel,2,5,16777216,0,0,0,0,24,90829,90610,0.006,--------,memcpy-libc
Intel,3,5,16777216,0,0,0,0,24,90362,90201,0.003,--------,memcpy-libc
Intel,1,5,1073741824,0,0,0,0,24,90336,89971,0.01,--------,memcpy-libc
Intel,2,5,1073741824,0,0,0,0,24,90267,90039,0.009,--------,memcpy-libc
Intel,3,5,1073741824,0,0,0,0,24,90518,90319,0.005,--------,memcpy-libc
Intel,1,5,32768,0,0,0,0,28,1848337,1842158,0.007,--------,memcpy-libc
Intel,2,5,32768,0,0,0,0,28,1846976,1845057,0.002,--------,memcpy-libc
Intel,3,5,32768,0,0,0,0,28,1848400,1844602,0.004,--------,memcpy-libc
Intel,1,5,524288,0,0,0,0,28,1132537,1131847,0.001,--------,memcpy-libc
Intel,2,5,524288,0,0,0,0,28,1115120,1114420,0.001,--------,memcpy-libc
Intel,3,5,524288,0,0,0,0,28,1146524,1146019,0.001,--------,memcpy-libc
Intel,1,5,16777216,0,0,0,0,28,89763,89633,0.003,--------,memcpy-libc
Intel,2,5,16777216,0,0,0,0,28,89757,89710,0.001,--------,memcpy-libc
Intel,3,5,16777216,0,0,0,0,28,89805,89749,0.002,--------,memcpy-libc
Intel,1,5,1073741824,0,0,0,0,28,89944,89059,0.029,--------,memcpy-libc
Intel,2,5,1073741824,0,0,0,0,28,89661,89547,0.005,--------,memcpy-libc
Intel,3,5,1073741824,0,0,0,0,28,89688,89446,0.006,--------,memcpy-libc
Intel,1,5,32768,0,0,0,0,32,1301687,1301618,0,--------,memcpy-libc
Intel,2,5,32768,0,0,0,0,32,1303337,1302797,0.001,--------,memcpy-libc
Intel,3,5,32768,0,0,0,0,32,1301191,1301000,0,--------,memcpy-libc
Intel,1,5,524288,0,0,0,0,32,1055287,1055101,0,--------,memcpy-libc
Intel,2,5,524288,0,0,0,0,32,1076188,1075776,0.001,--------,memcpy-libc
Intel,3,5,524288,0,0,0,0,32,1063562,1062600,0.003,--------,memcpy-libc
Intel,1,5,16777216,0,0,0,0,32,89177,88977,0.006,--------,memcpy-libc
Intel,2,5,16777216,0,0,0,0,32,88594,88534,0.001,--------,memcpy-libc
Intel,3,5,16777216,0,0,0,0,32,88659,88322,0.011,--------,memcpy-libc
Intel,1,5,1073741824,0,0,0,0,32,88920,88454,0.009,--------,memcpy-libc
Intel,2,5,1073741824,0,0,0,0,32,89001,88938,0.001,--------,memcpy-libc
Intel,3,5,1073741824,0,0,0,0,32,89006,88944,0.001,--------,memcpy-libc
Intel,1,5,32768,0,0,0,0,1,125643,125615,0.001,--------,memset-libc
Intel,2,5,32768,0,0,0,0,1,126317,126290,0.001,--------,memset-libc
Intel,3,5,32768,0,0,0,0,1,127087,126679,0.015,--------,memset-libc
Intel,1,5,524288,0,0,0,0,1,56162,54767,0.125,--------,memset-libc
Intel,2,5,524288,0,0,0,0,1,56129,54380,0.147,--------,memset-libc
Intel,3,5,524288,0,0,0,0,1,55957,54131,0.149,--------,memset-libc
Intel,1,5,16777216,0,0,0,0,1,22611,22561,0.009,--------,memset-libc
Intel,2,5,16777216,0,0,0,0,1,22769,22719,0.01,--------,memset-libc
Intel,3,5,16777216,0,0,0,0,1,22729,22665,0.011,--------,memset-libc
Intel,1,5,1073741824,0,0,0,0,1,6883,6880,0.002,--------,memset-libc
Intel,2,5,1073741824,0,0,0,0,1,6893,6888,0.001,--------,memset-libc
Intel,3,5,1073741824,0,0,0,0,1,6896,6889,0.002,--------,memset-libc
Intel,1,5,32768,0,0,0,0,4,543502,543001,0.003,--------,memset-libc
Intel,2,5,32768,0,0,0,0,4,551925,550696,0.004,--------,memset-libc
Intel,3,5,32768,0,0,0,0,4,555034,554781,0.002,--------,memset-libc
Intel,1,5,524288,0,0,0,0,4,225866,219956,0.125,--------,memset-libc
Intel,2,5,524288,0,0,0,0,4,227042,219097,0.144,--------,memset-libc
Intel,3,5,524288,0,0,0,0,4,227097,221062,0.133,--------,memset-libc
Intel,1,5,16777216,0,0,0,0,4,28743,28726,0.001,--------,memset-libc
Intel,2,5,16777216,0,0,0,0,4,28656,28615,0.003,--------,memset-libc
Intel,3,5,16777216,0,0,0,0,4,28595,28547,0.004,--------,memset-libc
Intel,1,5,1073741824,0,0,0,0,4,26959,26929,0.004,--------,memset-libc
Intel,2,5,1073741824,0,0,0,0,4,26911,26899,0.001,--------,memset-libc
Intel,3,5,1073741824,0,0,0,0,4,26998,26965,0.003,--------,memset-libc
Intel,1,5,32768,0,0,0,0,8,1114731,1100989,0.034,--------,memset-libc
Intel,2,5,32768,0,0,0,0,8,1101583,1099347,0.004,--------,memset-libc
Intel,3,5,32768,0,0,0,0,8,1089786,1089681,0,--------,memset-libc
Intel,1,5,524288,0,0,0,0,8,454022,443567,0.107,--------,memset-libc
Intel,2,5,524288,0,0,0,0,8,452826,444471,0.089,--------,memset-libc
Intel,3,5,524288,0,0,0,0,8,453213,442003,0.12,--------,memset-libc
Intel,1,5,16777216,0,0,0,0,8,55162,55087,0.003,--------,memset-libc
Intel,2,5,16777216,0,0,0,0,8,55290,55155,0.005,--------,memset-libc
Intel,3,5,16777216,0,0,0,0,8,55336,55273,0.004,--------,memset-libc
Intel,1,5,1073741824,0,0,0,0,8,52633,52524,0.006,--------,memset-libc
Intel,2,5,1073741824,0,0,0,0,8,52504,52500,0,--------,memset-libc
Intel,3,5,1073741824,0,0,0,0,8,52494,52454,0.002,--------,memset-libc
Intel,1,5,32768,0,0,0,0,12,1649656,1649086,0.001,--------,memset-libc
Intel,2,5,32768,0,0,0,0,12,1646182,1645253,0.001,--------,memset-libc
Intel,3,5,32768,0,0,0,0,12,1626871,1625658,0.003,--------,memset-libc
Intel,1,5,524288,0,0,0,0,12,677569,657761,0.117,--------,memset-libc
Intel,2,5,524288,0,0,0,0,12,676706,659541,0.123,--------,memset-libc
Intel,3,5,524288,0,0,0,0,12,672465,651390,0.103,--------,memset-libc
Intel,1,5,16777216,0,0,0,0,12,78143,77974,0.007,--------,memset-libc
Intel,2,5,16777216,0,0,0,0,12,78036,77815,0.007,--------,memset-libc
Intel,3,5,16777216,0,0,0,0,12,77799,77645,0.005,--------,memset-libc
Intel,1,5,1073741824,0,0,0,0,12,74425,74147,0.01,--------,memset-libc
Intel,2,5,1073741824,0,0,0,0,12,74374,74158,0.004,--------,memset-libc
Intel,3,5,1073741824,0,0,0,0,12,74075,73622,0.012,--------,memset-libc
Intel,1,5,32768,0,0,0,0,16,2272854,2260446,0.008,--------,memset-libc
Intel,2,5,32768,0,0,0,0,16,2214422,2213479,0.001,--------,memset-libc
Intel,3,5,32768,0,0,0,0,16,2235350,2231202,0.006,--------,memset-libc
Intel,1,5,524288,0,0,0,0,16,904747,884719,0.102,--------,memset-libc
Intel,2,5,524288,0,0,0,0,16,903770,880578,0.108,--------,memset-libc
Intel,3,5,524288,0,0,0,0,16,905387,885288,0.106,--------,memset-libc
Intel,1,5,16777216,0,0,0,0,16,84872,84055,0.026,--------,memset-libc
Intel,2,5,16777216,0,0,0,0,16,84780,84573,0.009,--------,memset-libc
Intel,3,5,16777216,0,0,0,0,16,84910,84351,0.012,--------,memset-libc
Intel,1,5,1073741824,0,0,0,0,16,79123,79038,0.003,--------,memset-libc
Intel,2,5,1073741824,0,0,0,0,16,79134,78889,0.006,--------,memset-libc
Intel,3,5,1073741824,0,0,0,0,16,79162,79034,0.004,--------,memset-libc
Intel,1,5,32768,0,0,0,0,20,1930952,1924225,0.006,--------,memset-libc
Intel,2,5,32768,0,0,0,0,20,1869818,1866546,0.004,--------,memset-libc
Intel,3,5,32768,0,0,0,0,20,1931025,1928052,0.004,--------,memset-libc
Intel,1,5,524288,0,0,0,0,20,865448,850869,0.076,--------,memset-libc
Intel,2,5,524288,0,0,0,0,20,869478,855110,0.077,--------,memset-libc
Intel,3,5,524288,0,0,0,0,20,853114,829058,0.072,--------,memset-libc
Intel,1,5,16777216,0,0,0,0,20,82875,82409,0.008,--------,memset-libc
Intel,2,5,16777216,0,0,0,0,20,82834,82390,0.01,--------,memset-libc
Intel,3,5,16777216,0,0,0,0,20,82127,81633,0.019,--------,memset-libc
Intel,1,5,1073741824,0,0,0,0,20,78571,77937,0.018,--------,memset-libc
Intel,2,5,1073741824,0,0,0,0,20,78810,78323,0.01,--------,memset-libc
Intel,3,5,1073741824,0,0,0,0,20,78323,77500,0.014,--------,memset-libc
Intel,1,5,32768,0,0,0,0,24,1566798,1565325,0.002,--------,memset-libc
Intel,2,5,32768,0,0,0,0,24,1589283,1587350,0.003,--------,memset-libc
Intel,3,5,32768,0,0,0,0,24,1600208,1598405,0.003,--------,memset-libc
Intel,1,5,524288,0,0,0,0,24,826146,807378,0.064,--------,memset-libc
Intel,2,5,524288,0,0,0,0,24,844550,827471,0.075,--------,memset-libc
Intel,3,5,524288,0,0,0,0,24,845581,829907,0.068,--------,memset-libc
Intel,1,5,16777216,0,0,0,0,24,81496,81233,0.012,--------,memset-libc
Intel,2,5,16777216,0,0,0,0,24,80968,80619,0.01,--------,memset-libc
Intel,3,5,16777216,0,0,0,0,24,81257,80655,0.016,--------,memset-libc
Intel,1,5,1073741824,0,0,0,0,24,78500,78270,0.007,--------,memset-libc
Intel,2,5,1073741824,0,0,0,0,24,78196,77924,0.008,--------,memset-libc
Intel,3,5,1073741824,0,0,0,0,24,78083,77894,0.003,--------,memset-libc
Intel,1,5,32768,0,0,0,0,28,1253899,1251778,0.005,--------,memset-libc
Intel,2,5,32768,0,0,0,0,28,1240576,1236379,0.006,--------,memset-libc
Intel,3,5,32768,0,0,0,0,28,1297314,1292676,0.009,--------,memset-libc
Intel,1,5,524288,0,0,0,0,28,797228,784120,0.056,--------,memset-libc
Intel,2,5,524288,0,0,0,0,28,787275,775753,0.062,--------,memset-libc
Intel,3,5,524288,0,0,0,0,28,800158,781001,0.056,--------,memset-libc
Intel,1,5,16777216,0,0,0,0,28,82749,82451,0.015,--------,memset-libc
Intel,2,5,16777216,0,0,0,0,28,82885,82747,0.004,--------,memset-libc
Intel,3,5,16777216,0,0,0,0,28,82817,82520,0.01,--------,memset-libc
Intel,1,5,1073741824,0,0,0,0,28,80090,79993,0.004,--------,memset-libc
Intel,2,5,1073741824,0,0,0,0,28,80232,79934,0.013,--------,memset-libc
Intel,3,5,1073741824,0,0,0,0,28,80180,79687,0.013,--------,memset-libc
Intel,1,5,32768,0,0,0,0,32,897330,893249,0.017,--------,memset-libc
Intel,2,5,32768,0,0,0,0,32,895801,891843,0.02,--------,memset-libc
Intel,3,5,32768,0,0,0,0,32,897239,892975,0.022,--------,memset-libc
Intel,1,5,524288,0,0,0,0,32,749188,715121,0.164,--------,memset-libc
Intel,2,5,524288,0,0,0,0,32,742795,706237,0.177,--------,memset-libc
Intel,3,5,524288,0,0,0,0,32,745955,711380,0.159,--------,memset-libc
Intel,1,5,16777216,0,0,0,0,32,82144,81303,0.032,--------,memset-libc
Intel,2,5,16777216,0,0,0,0,32,81432,81004,0.01,--------,memset-libc
Intel,3,5,16777216,0,0,0,0,32,81738,80856,0.022,--------,memset-libc
Intel,1,5,1073741824,0,0,0,0,32,79532,78803,0.019,--------,memset-libc
Intel,2,5,1073741824,0,0,0,0,32,79552,79463,0.002,--------,memset-libc
Intel,3,5,1073741824,0,0,0,0,32,79512,79410,0.002,--------,memset-libc
Intel,1,5,32768,0,0,0,0,1,124678,124555,0.002,--------,memsetz-libc
Intel,2,5,32768,0,0,0,0,1,124261,124190,0.001,--------,memsetz-libc
Intel,3,5,32768,0,0,0,0,1,125361,125235,0.002,--------,memsetz-libc
Intel,1,5,524288,0,0,0,0,1,56620,55004,0.141,--------,memsetz-libc
Intel,2,5,524288,0,0,0,0,1,56720,54978,0.145,--------,memsetz-libc
Intel,3,5,524288,0,0,0,0,1,56448,54777,0.146,--------,memsetz-libc
Intel,1,5,16777216,0,0,0,0,1,22519,22454,0.013,--------,memsetz-libc
Intel,2,5,16777216,0,0,0,0,1,22483,22367,0.011,--------,memsetz-libc
Intel,3,5,16777216,0,0,0,0,1,22487,22420,0.011,--------,memsetz-libc
Intel,1,5,1073741824,0,0,0,0,1,6890,6875,0.004,--------,memsetz-libc
Intel,2,5,1073741824,0,0,0,0,1,6881,6879,0.001,--------,memsetz-libc
Intel,3,5,1073741824,0,0,0,0,1,6879,6878,0,--------,memsetz-libc
Intel,1,5,32768,0,0,0,0,4,576865,576544,0.002,--------,memsetz-libc
Intel,2,5,32768,0,0,0,0,4,565629,562755,0.007,--------,memsetz-libc
Intel,3,5,32768,0,0,0,0,4,547667,547211,0.002,--------,memsetz-libc
Intel,1,5,524288,0,0,0,0,4,226300,219360,0.133,--------,memsetz-libc
Intel,2,5,524288,0,0,0,0,4,225792,219110,0.145,--------,memsetz-libc
Intel,3,5,524288,0,0,0,0,4,226633,219861,0.143,--------,memsetz-libc
Intel,1,5,16777216,0,0,0,0,4,28656,28624,0.002,--------,memsetz-libc
Intel,2,5,16777216,0,0,0,0,4,28630,28608,0.002,--------,memsetz-libc
Intel,3,5,16777216,0,0,0,0,4,28635,28612,0.003,--------,memsetz-libc
Intel,1,5,1073741824,0,0,0,0,4,26894,26872,0.002,--------,memsetz-libc
Intel,2,5,1073741824,0,0,0,0,4,26912,26865,0.003,--------,memsetz-libc
Intel,3,5,1073741824,0,0,0,0,4,26859,26842,0.002,--------,memsetz-libc
Intel,1,5,32768,0,0,0,0,8,1069596,1068955,0.002,--------,memsetz-libc
Intel,2,5,32768,0,0,0,0,8,1084546,1084277,0,--------,memsetz-libc
Intel,3,5,32768,0,0,0,0,8,1051915,1051101,0.004,--------,memsetz-libc
Intel,1,5,524288,0,0,0,0,8,454299,441643,0.137,--------,memsetz-libc
Intel,2,5,524288,0,0,0,0,8,456100,442856,0.138,--------,memsetz-libc
Intel,3,5,524288,0,0,0,0,8,455049,442524,0.138,--------,memsetz-libc
Intel,1,5,16777216,0,0,0,0,8,55032,55004,0.001,--------,memsetz-libc
Intel,2,5,16777216,0,0,0,0,8,55259,55194,0.002,--------,memsetz-libc
Intel,3,5,16777216,0,0,0,0,8,55196,55125,0.003,--------,memsetz-libc
Intel,1,5,1073741824,0,0,0,0,8,52696,52628,0.004,--------,memsetz-libc
Intel,2,5,1073741824,0,0,0,0,8,52529,52507,0.002,--------,memsetz-libc
Intel,3,5,1073741824,0,0,0,0,8,52534,52521,0,--------,memsetz-libc
Intel,1,5,32768,0,0,0,0,12,1610351,1609101,0.002,--------,memsetz-libc
Intel,2,5,32768,0,0,0,0,12,1667013,1665721,0.002,--------,memsetz-libc
Intel,3,5,32768,0,0,0,0,12,1680998,1679681,0.002,--------,memsetz-libc
Intel,1,5,524288,0,0,0,0,12,679464,659913,0.128,--------,memsetz-libc
Intel,2,5,524288,0,0,0,0,12,678027,657695,0.123,--------,memsetz-libc
Intel,3,5,524288,0,0,0,0,12,678866,661779,0.126,--------,memsetz-libc
Intel,1,5,16777216,0,0,0,0,12,78731,78540,0.005,--------,memsetz-libc
Intel,2,5,16777216,0,0,0,0,12,78787,78733,0.002,--------,memsetz-libc
Intel,3,5,16777216,0,0,0,0,12,78646,78519,0.004,--------,memsetz-libc
Intel,1,5,1073741824,0,0,0,0,12,74973,74792,0.006,--------,memsetz-libc
Intel,2,5,1073741824,0,0,0,0,12,75034,74946,0.003,--------,memsetz-libc
Intel,3,5,1073741824,0,0,0,0,12,74998,74744,0.009,--------,memsetz-libc
Intel,1,5,32768,0,0,0,0,16,2216262,2214733,0.001,--------,memsetz-libc
Intel,2,5,32768,0,0,0,0,16,2202127,2179871,0.015,--------,memsetz-libc
Intel,3,5,32768,0,0,0,0,16,2226630,2223607,0.002,--------,memsetz-libc
Intel,1,5,524288,0,0,0,0,16,900638,877751,0.102,--------,memsetz-libc
Intel,2,5,524288,0,0,0,0,16,904157,884357,0.107,--------,memsetz-libc
Intel,3,5,524288,0,0,0,0,16,901643,880161,0.105,--------,memsetz-libc
Intel,1,5,16777216,0,0,0,0,16,84240,84012,0.005,--------,memsetz-libc
Intel,2,5,16777216,0,0,0,0,16,84187,83022,0.02,--------,memsetz-libc
Intel,3,5,16777216,0,0,0,0,16,84743,84659,0.002,--------,memsetz-libc
Intel,1,5,1073741824,0,0,0,0,16,79145,78647,0.014,--------,memsetz-libc
Intel,2,5,1073741824,0,0,0,0,16,79334,78960,0.013,--------,memsetz-libc
Intel,3,5,1073741824,0,0,0,0,16,79201,79069,0.003,--------,memsetz-libc
Intel,1,5,32768,0,0,0,0,20,1938161,1936467,0.003,--------,memsetz-libc
Intel,2,5,32768,0,0,0,0,20,1953390,1951203,0.003,--------,memsetz-libc
Intel,3,5,32768,0,0,0,0,20,1902089,1900614,0.003,--------,memsetz-libc
Intel,1,5,524288,0,0,0,0,20,877900,858136,0.11,--------,memsetz-libc
Intel,2,5,524288,0,0,0,0,20,874822,850735,0.119,--------,memsetz-libc
Intel,3,5,524288,0,0,0,0,20,880115,859726,0.109,--------,memsetz-libc
Intel,1,5,16777216,0,0,0,0,20,84306,84229,0.002,--------,memsetz-libc
Intel,2,5,16777216,0,0,0,0,20,83864,83467,0.011,--------,memsetz-libc
Intel,3,5,16777216,0,0,0,0,20,84361,83784,0.029,--------,memsetz-libc
Intel,1,5,1073741824,0,0,0,0,20,80472,80174,0.01,--------,memsetz-libc
Intel,2,5,1073741824,0,0,0,0,20,80149,79988,0.006,--------,memsetz-libc
Intel,3,5,1073741824,0,0,0,0,20,80231,79639,0.012,--------,memsetz-libc
Intel,1,5,32768,0,0,0,0,24,1605159,1601384,0.004,--------,memsetz-libc
Intel,2,5,32768,0,0,0,0,24,1611730,1609200,0.004,--------,memsetz-libc
Intel,3,5,32768,0,0,0,0,24,1631607,1629773,0.004,--------,memsetz-libc
Intel,1,5,524288,0,0,0,0,24,837929,820206,0.097,--------,memsetz-libc
Intel,2,5,524288,0,0,0,0,24,836281,819023,0.077,--------,memsetz-libc
Intel,3,5,524288,0,0,0,0,24,829813,821134,0.049,--------,memsetz-libc
Intel,1,5,16777216,0,0,0,0,24,80870,80165,0.021,--------,memsetz-libc
Intel,2,5,16777216,0,0,0,0,24,83301,81980,0.027,--------,memsetz-libc
Intel,3,5,16777216,0,0,0,0,24,83628,83315,0.007,--------,memsetz-libc
Intel,1,5,1073741824,0,0,0,0,24,80185,79984,0.007,--------,memsetz-libc
Intel,2,5,1073741824,0,0,0,0,24,79673,79241,0.01,--------,memsetz-libc
Intel,3,5,1073741824,0,0,0,0,24,78877,78587,0.011,--------,memsetz-libc
Intel,1,5,32768,0,0,0,0,28,1267552,1265387,0.007,--------,memsetz-libc
Intel,2,5,32768,0,0,0,0,28,1253325,1249621,0.008,--------,memsetz-libc
Intel,3,5,32768,0,0,0,0,28,1294347,1291380,0.009,--------,memsetz-libc
Intel,1,5,524288,0,0,0,0,28,803089,777854,0.119,--------,memsetz-libc
Intel,2,5,524288,0,0,0,0,28,811853,793177,0.109,--------,memsetz-libc
Intel,3,5,524288,0,0,0,0,28,805807,786860,0.102,--------,memsetz-libc
Intel,1,5,16777216,0,0,0,0,28,82790,82704,0.002,--------,memsetz-libc
Intel,2,5,16777216,0,0,0,0,28,82754,82675,0.002,--------,memsetz-libc
Intel,3,5,16777216,0,0,0,0,28,82708,82600,0.002,--------,memsetz-libc
Intel,1,5,1073741824,0,0,0,0,28,80053,79846,0.006,--------,memsetz-libc
Intel,2,5,1073741824,0,0,0,0,28,79607,78431,0.029,--------,memsetz-libc
Intel,3,5,1073741824,0,0,0,0,28,79477,79237,0.011,--------,memsetz-libc
Intel,1,5,32768,0,0,0,0,32,896836,893842,0.014,--------,memsetz-libc
Intel,2,5,32768,0,0,0,0,32,895634,891978,0.018,--------,memsetz-libc
Intel,3,5,32768,0,0,0,0,32,896199,893676,0.012,--------,memsetz-libc
Intel,1,5,524288,0,0,0,0,32,743532,716508,0.117,--------,memsetz-libc
Intel,2,5,524288,0,0,0,0,32,746104,726507,0.102,--------,memsetz-libc
Intel,3,5,524288,0,0,0,0,32,759290,728992,0.144,--------,memsetz-libc
Intel,1,5,16777216,0,0,0,0,32,80361,79954,0.015,--------,memsetz-libc
Intel,2,5,16777216,0,0,0,0,32,81792,80513,0.052,--------,memsetz-libc
Intel,3,5,16777216,0,0,0,0,32,81642,81224,0.017,--------,memsetz-libc
Intel,1,5,1073741824,0,0,0,0,32,79407,79309,0.003,--------,memsetz-libc
Intel,2,5,1073741824,0,0,0,0,32,79287,79000,0.015,--------,memsetz-libc
Intel,3,5,1073741824,0,0,0,0,32,79311,79278,0.001,--------,memsetz-libc
Intel,1,5,32768,0,0,0,0,1,23409,23408,0,--------,stream-sum
Intel,2,5,32768,0,0,0,0,1,23409,23408,0,--------,stream-sum
Intel,3,5,32768,0,0,0,0,1,23408,23406,0,--------,stream-sum
Intel,1,5,524288,0,0,0,0,1,23512,23511,0,--------,stream-sum
Intel,2,5,524288,0,0,0,0,1,23563,23562,0,--------,stream-sum
Intel,3,5,524288,0,0,0,0,1,23565,23564,0,--------,stream-sum
Intel,1,5,16777216,0,0,0,0,1,22891,22856,0.003,--------,stream-sum
Intel,2,5,16777216,0,0,0,0,1,23046,22971,0.007,--------,stream-sum
Intel,3,5,16777216,0,0,0,0,1,23066,22975,0.012,--------,stream-sum
Intel,1,5,1073741824,0,0,0,0,1,12456,12391,0.011,--------,stream-sum
Intel,2,5,1073741824,0,0,0,0,1,12404,12377,0.006,--------,stream-sum
Intel,3,5,1073741824,0,0,0,0,1,12476,12450,0.006,--------,stream-sum
Intel,1,5,32768,0,0,0,0,4,92041,92036,0,--------,stream-sum
Intel,2,5,32768,0,0,0,0,4,92171,92164,0,--------,stream-sum
Intel,3,5,32768,0,0,0,0,4,92253,92243,0,--------,stream-sum
Intel,1,5,524288,0,0,0,0,4,94148,94146,0,--------,stream-sum
Intel,2,5,524288,0,0,0,0,4,94172,94166,0,--------,stream-sum
Intel,3,5,524288,0,0,0,0,4,94175,94169,0,--------,stream-sum
Intel,1,5,16777216,0,0,0,0,4,54567,54534,0.002,--------,stream-sum
Intel,2,5,16777216,0,0,0,0,4,54482,54446,0.002,--------,stream-sum
Intel,3,5,16777216,0,0,0,0,4,54432,54388,0.002,--------,stream-sum
Intel,1,5,1073741824,0,0,0,0,4,46376,46355,0.001,--------,stream-sum
Intel,2,5,1073741824,0,0,0,0,4,46393,46381,0.001,--------,stream-sum
Intel,3,5,1073741824,0,0,0,0,4,46320,46221,0.005,--------,stream-sum
Intel,1,5,32768,0,0,0,0,8,184611,184583,0,--------,stream-sum
Intel,2,5,32768,0,0,0,0,8,184270,184239,0,--------,stream-sum
Intel,3,5,32768,0,0,0,0,8,184625,184590,0.001,--------,stream-sum
Intel,1,5,524288,0,0,0,0,8,188329,188324,0,--------,stream-sum
Intel,2,5,524288,0,0,0,0,8,188306,188297,0,--------,stream-sum
Intel,3,5,524288,0,0,0,0,8,188346,188338,0,--------,stream-sum
Intel,1,5,16777216,0,0,0,0,8,92323,92271,0.001,--------,stream-sum
Intel,2,5,16777216,0,0,0,0,8,92333,92038,0.012,--------,stream-sum
Intel,3,5,16777216,0,0,0,0,8,92313,92170,0.005,--------,stream-sum
Intel,1,5,1073741824,0,0,0,0,8,84176,84117,0.002,--------,stream-sum
Intel,2,5,1073741824,0,0,0,0,8,84246,83897,0.014,--------,stream-sum
Intel,3,5,1073741824,0,0,0,0,8,84257,84125,0.005,--------,stream-sum
Intel,1,5,32768,0,0,0,0,12,275314,275301,0,--------,stream-sum
Intel,2,5,32768,0,0,0,0,12,276757,276732,0,--------,stream-sum
Intel,3,5,32768,0,0,0,0,12,274951,274856,0.001,--------,stream-sum
Intel,1,5,524288,0,0,0,0,12,282414,282385,0,--------,stream-sum
Intel,2,5,524288,0,0,0,0,12,282498,282484,0,--------,stream-sum
Intel,3,5,524288,0,0,0,0,12,282437,282421,0,--------,stream-sum
Intel,1,5,16777216,0,0,0,0,12,112109,111733,0.011,--------,stream-sum
Intel,2,5,16777216,0,0,0,0,12,113686,112826,0.016,--------,stream-sum
Intel,3,5,16777216,0,0,0,0,12,111914,110040,0.036,--------,stream-sum
Intel,1,5,1073741824,0,0,0,0,12,103507,102719,0.016,--------,stream-sum
Intel,2,5,1073741824,0,0,0,0,12,103592,102523,0.034,--------,stream-sum
Intel,3,5,1073741824,0,0,0,0,12,104566,103588,0.016,--------,stream-sum
Intel,1,5,32768,0,0,0,0,16,363717,363676,0,--------,stream-sum
Intel,2,5,32768,0,0,0,0,16,362717,362646,0.001,--------,stream-sum
Intel,3,5,32768,0,0,0,0,16,362787,362727,0.001,--------,stream-sum
Intel,1,5,524288,0,0,0,0,16,376583,376538,0,--------,stream-sum
Intel,2,5,524288,0,0,0,0,16,376651,376586,0,--------,stream-sum
Intel,3,5,524288,0,0,0,0,16,376651,376593,0.001,--------,stream-sum
Intel,1,5,16777216,0,0,0,0,16,119938,119747,0.004,--------,stream-sum
Intel,2,5,16777216,0,0,0,0,16,119983,119878,0.002,--------,stream-sum
Intel,3,5,16777216,0,0,0,0,16,120041,119793,0.007,--------,stream-sum
Intel,1,5,1073741824,0,0,0,0,16,110192,110085,0.003,--------,stream-sum
Intel,2,5,1073741824,0,0,0,0,16,110183,109982,0.005,--------,stream-sum
Intel,3,5,1073741824,0,0,0,0,16,110110,109692,0.012,--------,stream-sum
Intel,1,5,32768,0,0,0,0,20,367288,367102,0.001,--------,stream-sum
Intel,2,5,32768,0,0,0,0,20,367061,366963,0.001,--------,stream-sum
Intel,3,5,32768,0,0,0,0,20,367109,367000,0.001,--------,stream-sum
Intel,1,5,524288,0,0,0,0,20,376537,376499,0,--------,stream-sum
Intel,2,5,524288,0,0,0,0,20,376524,376474,0.001,--------,stream-sum
Intel,3,5,524288,0,0,0,0,20,376516,376471,0.001,--------,stream-sum
Intel,1,5,16777216,0,0,0,0,20,119103,118601,0.01,--------,stream-sum
Intel,2,5,16777216,0,0,0,0,20,119191,118945,0.004,--------,stream-sum
Intel,3,5,16777216,0,0,0,0,20,119075,118876,0.003,--------,stream-sum
Intel,1,5,1073741824,0,0,0,0,20,109812,109504,0.007,--------,stream-sum
Intel,2,5,1073741824,0,0,0,0,20,109751,108759,0.039,--------,stream-sum
Intel,3,5,1073741824,0,0,0,0,20,109792,109455,0.01,--------,stream-sum
Intel,1,5,32768,0,0,0,0,24,368965,368920,0,--------,stream-sum
Intel,2,5,32768,0,0,0,0,24,369412,369345,0.001,--------,stream-sum
Intel,3,5,32768,0,0,0,0,24,369345,369296,0,--------,stream-sum
Intel,1,5,524288,0,0,0,0,24,376445,376386,0.001,--------,stream-sum
Intel,2,5,524288,0,0,0,0,24,376442,376398,0.001,--------,stream-sum
Intel,3,5,524288,0,0,0,0,24,376405,376358,0.001,--------,stream-sum
Intel,1,5,16777216,0,0,0,0,24,117952,116274,0.023,--------,stream-sum
Intel,2,5,16777216,0,0,0,0,24,115814,113942,0.05,--------,stream-sum
Intel,3,5,16777216,0,0,0,0,24,118386,117592,0.012,--------,stream-sum
Intel,1,5,1073741824,0,0,0,0,24,109062,108589,0.013,--------,stream-sum
Intel,2,5,1073741824,0,0,0,0,24,109061,108368,0.011,--------,stream-sum
Intel,3,5,1073741824,0,0,0,0,24,109102,107932,0.024,--------,stream-sum
Intel,1,5,32768,0,0,0,0,28,369872,369831,0,--------,stream-sum
Intel,2,5,32768,0,0,0,0,28,369965,369901,0.001,--------,stream-sum
Intel,3,5,32768,0,0,0,0,28,370130,370083,0,--------,stream-sum
Intel,1,5,524288,0,0,0,0,28,376338,376290,0.001,--------,stream-sum
Intel,2,5,524288,0,0,0,0,28,376236,376196,0,--------,stream-sum
Intel,3,5,524288,0,0,0,0,28,376221,376155,0,--------,stream-sum
Intel,1,5,16777216,0,0,0,0,28,116609,115699,0.014,--------,stream-sum
Intel,2,5,16777216,0,0,0,0,28,116022,115484,0.008,--------,stream-sum
Intel,3,5,16777216,0,0,0,0,28,117214,116528,0.019,--------,stream-sum
Intel,1,5,1073741824,0,0,0,0,28,109076,108782,0.005,--------,stream-sum
Intel,2,5,1073741824,0,0,0,0,28,109093,108299,0.012,--------,stream-sum
Intel,3,5,1073741824,0,0,0,0,28,108673,107972,0.013,--------,stream-sum
Intel,1,5,32768,0,0,0,0,32,372560,372475,0.001,--------,stream-sum
Intel,2,5,32768,0,0,0,0,32,372446,372406,0,--------,stream-sum
Intel,3,5,32768,0,0,0,0,32,372820,372767,0.001,--------,stream-sum
Intel,1,5,524288,0,0,0,0,32,376086,376050,0,--------,stream-sum
Intel,2,5,524288,0,0,0,0,32,376110,376065,0.001,--------,stream-sum
Intel,3,5,524288,0,0,0,0,32,376074,376038,0,--------,stream-sum
Intel,1,5,16777216,0,0,0,0,32,108483,108189,0.004,--------,stream-sum
Intel,2,5,16777216,0,0,0,0,32,108872,108394,0.008,--------,stream-sum
Intel,3,5,16777216,0,0,0,0,32,108284,108082,0.004,--------,stream-sum
Intel,1,5,1073741824,0,0,0,0,32,105701,105365,0.006,--------,stream-sum
Intel,2,5,1073741824,0,0,0,0,32,108447,107699,0.024,--------,stream-sum
Intel,3,5,1073741824,0,0,0,0,32,108596,108451,0.003,--------,stream-sum
Intel,1,5,32768,0,0,0,0,1,69273,69270,0,--------,stream-triad
Intel,2,5,32768,0,0,0,0,1,69275,69271,0,--------,stream-triad
Intel,3,5,32768,0,0,0,0,1,69268,69264,0,--------,stream-triad
Intel,1,5,524288,0,0,0,0,1,56830,56827,0,--------,stream-triad
Intel,2,5,524288,0,0,0,0,1,60171,60165,0,--------,stream-triad
Intel,3,5,524288,0,0,0,0,1,56871,56865,0,--------,stream-triad
Intel,1,5,16777216,0,0,0,0,1,24147,24104,0.003,--------,stream-triad
Intel,2,5,16777216,0,0,0,0,1,24184,24167,0.003,--------,stream-triad
Intel,3,5,16777216,0,0,0,0,1,24179,24172,0.001,--------,stream-triad
Intel,1,5,1073741824,0,0,0,0,1,12892,12883,0.002,--------,stream-triad
Intel,2,5,1073741824,0,0,0,0,1,12906,12882,0.005,--------,stream-triad
Intel,3,5,1073741824,0,0,0,0,1,12887,12840,0.005,--------,stream-triad
Intel,1,5,32768,0,0,0,0,4,274662,274646,0,--------,stream-triad
Intel,2,5,32768,0,0,0,0,4,274824,274812,0,--------,stream-triad
Intel,3,5,32768,0,0,0,0,4,274827,274818,0,--------,stream-triad
Intel,1,5,524288,0,0,0,0,4,237238,237228,0,--------,stream-triad
Intel,2,5,524288,0,0,0,0,4,234061,234042,0,--------,stream-triad
Intel,3,5,524288,0,0,0,0,4,240467,236004,0.03,--------,stream-triad
Intel,1,5,16777216,0,0,0,0,4,64303,64218,0.005,--------,stream-triad
Intel,2,5,16777216,0,0,0,0,4,64030,63784,0.008,--------,stream-triad
Intel,3,5,16777216,0,0,0,0,4,64397,64225,0.011,--------,stream-triad
Intel,1,5,1073741824,0,0,0,0,4,46488,46477,0.001,--------,stream-triad
Intel,2,5,1073741824,0,0,0,0,4,46444,46390,0.002,--------,stream-triad
Intel,3,5,1073741824,0,0,0,0,4,46503,46492,0.001,--------,stream-triad
Intel,1,5,32768,0,0,0,0,8,549888,548666,0.011,--------,stream-triad
Intel,2,5,32768,0,0,0,0,8,551911,551866,0,--------,stream-triad
Intel,3,5,32768,0,0,0,0,8,551710,551697,0,--------,stream-triad
Intel,1,5,524288,0,0,0,0,8,474452,474393,0,--------,stream-triad
Intel,2,5,524288,0,0,0,0,8,474556,474387,0.001,--------,stream-triad
Intel,3,5,524288,0,0,0,0,8,480881,479766,0.01,--------,stream-triad
Intel,1,5,16777216,0,0,0,0,8,87574,87343,0.006,--------,stream-triad
Intel,2,5,16777216,0,0,0,0,8,87591,87406,0.006,--------,stream-triad
Intel,3,5,16777216,0,0,0,0,8,87792,87627,0.004,--------,stream-triad
Intel,1,5,1073741824,0,0,0,0,8,68274,68255,0,--------,stream-triad
Intel,2,5,1073741824,0,0,0,0,8,68276,67971,0.01,--------,stream-triad
Intel,3,5,1073741824,0,0,0,0,8,68275,68203,0.003,--------,stream-triad
Intel,1,5,32768,0,0,0,0,12,821886,821808,0,--------,stream-triad
Intel,2,5,32768,0,0,0,0,12,822997,822927,0,--------,stream-triad
Intel,3,5,32768,0,0,0,0,12,827273,827236,0,--------,stream-triad
Intel,1,5,524288,0,0,0,0,12,718165,717481,0.004,--------,stream-triad
Intel,2,5,524288,0,0,0,0,12,720623,720386,0.002,--------,stream-triad
Intel,3,5,524288,0,0,0,0,12,720464,718927,0.008,--------,stream-triad
Intel,1,5,16777216,0,0,0,0,12,86855,86190,0.013,--------,stream-triad
Intel,2,5,16777216,0,0,0,0,12,87645,86712,0.024,--------,stream-triad
Intel,3,5,16777216,0,0,0,0,12,87824,87438,0.008,--------,stream-triad
Intel,1,5,1073741824,0,0,0,0,12,74279,74222,0.001,--------,stream-triad
Intel,2,5,1073741824,0,0,0,0,12,74320,74264,0.002,--------,stream-triad
Intel,3,5,1073741824,0,0,0,0,12,74301,74259,0.001,--------,stream-triad
Intel,1,5,32768,0,0,0,0,16,1091082,1091023,0,--------,stream-triad
Intel,2,5,32768,0,0,0,0,16,1096162,1096031,0,--------,stream-triad
Intel,3,5,32768,0,0,0,0,16,1096630,1096587,0,--------,stream-triad
Intel,1,5,524288,0,0,0,0,16,955896,955641,0,--------,stream-triad
Intel,2,5,524288,0,0,0,0,16,961837,961758,0,--------,stream-triad
Intel,3,5,524288,0,0,0,0,16,961763,961065,0.003,--------,stream-triad
Intel,1,5,16777216,0,0,0,0,16,83551,83443,0.003,--------,stream-triad
Intel,2,5,16777216,0,0,0,0,16,83535,83459,0.003,--------,stream-triad
Intel,3,5,16777216,0,0,0,0,16,83570,83280,0.009,--------,stream-triad
Intel,1,5,1073741824,0,0,0,0,16,75039,74893,0.004,--------,stream-triad
Intel,2,5,1073741824,0,0,0,0,16,75124,74986,0.004,--------,stream-triad
Intel,3,5,1073741824,0,0,0,0,16,75309,75125,0.01,--------,stream-triad
Intel,1,5,32768,0,0,0,0,20,1072305,1071688,0.003,--------,stream-triad
Intel,2,5,32768,0,0,0,0,20,1072878,1072829,0,--------,stream-triad
Intel,3,5,32768,0,0,0,0,20,1073479,1072548,0.003,--------,stream-triad
Intel,1,5,524288,0,0,0,0,20,941794,938783,0.006,--------,stream-triad
Intel,2,5,524288,0,0,0,0,20,928406,927061,0.003,--------,stream-triad
Intel,3,5,524288,0,0,0,0,20,919974,919837,0,--------,stream-triad
Intel,1,5,16777216,0,0,0,0,20,83050,82907,0.004,--------,stream-triad
Intel,2,5,16777216,0,0,0,0,20,83011,82906,0.003,--------,stream-triad
Intel,3,5,16777216,0,0,0,0,20,82945,82875,0.002,--------,stream-triad
Intel,1,5,1073741824,0,0,0,0,20,74896,74711,0.005,--------,stream-triad
Intel,2,5,1073741824,0,0,0,0,20,75113,74826,0.015,--------,stream-triad
Intel,3,5,1073741824,0,0,0,0,20,74966,74709,0.008,--------,stream-triad
Intel,1,5,32768,0,0,0,0,24,1051831,1051094,0.003,--------,stream-triad
Intel,2,5,32768,0,0,0,0,24,1057519,1057028,0.002,--------,stream-triad
Intel,3,5,32768,0,0,0,0,24,1050949,1050638,0.001,--------,stream-triad
Intel,1,5,524288,0,0,0,0,24,885876,885269,0.001,--------,stream-triad
Intel,2,5,524288,0,0,0,0,24,902720,902456,0.001,--------,stream-triad
Intel,3,5,524288,0,0,0,0,24,876982,876742,0.001,--------,stream-triad
Intel,1,5,16777216,0,0,0,0,24,80731,80528,0.007,--------,stream-triad
Intel,2,5,16777216,0,0,0,0,24,80980,80360,0.019,--------,stream-triad
Intel,3,5,16777216,0,0,0,0,24,81362,80889,0.012,--------,stream-triad
Intel,1,5,1073741824,0,0,0,0,24,75217,74809,0.01,--------,stream-triad
Intel,2,5,1073741824,0,0,0,0,24,75166,74935,0.005,--------,stream-triad
Intel,3,5,1073741824,0,0,0,0,24,74800,74046,0.026,--------,stream-triad
Intel,1,5,32768,0,0,0,0,28,1036522,1035172,0.004,--------,stream-triad
Intel,2,5,32768,0,0,0,0,28,1030959,1030270,0.002,--------,stream-triad
Intel,3,5,32768,0,0,0,0,28,1025324,1022900,0.007,--------,stream-triad
Intel,1,5,524288,0,0,0,0,28,809974,809429,0.002,--------,stream-triad
Intel,2,5,524288,0,0,0,0,28,829832,829319,0.001,--------,stream-triad
Intel,3,5,524288,0,0,0,0,28,822531,822289,0.001,--------,stream-triad
Intel,1,5,16777216,0,0,0,0,28,78535,78256,0.009,--------,stream-triad
Intel,2,5,16777216,0,0,0,0,28,79390,79034,0.007,--------,stream-triad
Intel,3,5,16777216,0,0,0,0,28,79095,78428,0.018,--------,stream-triad
Intel,1,5,1073741824,0,0,0,0,28,73523,72627,0.046,--------,stream-triad
Intel,2,5,1073741824,0,0,0,0,28,74674,74430,0.007,--------,stream-triad
Intel,3,5,1073741824,0,0,0,0,28,74963,74793,0.005,--------,stream-triad
Intel,1,5,32768,0,0,0,0,32,1025169,1023147,0.009,--------,stream-triad
Intel,2,5,32768,0,0,0,0,32,1024683,1023371,0.004,--------,stream-triad
Intel,3,5,32768,0,0,0,0,32,1024147,1021188,0.009,--------,stream-triad
Intel,1,5,524288,0,0,0,0,32,719233,718538,0.001,--------,stream-triad
Intel,2,5,524288,0,0,0,0,32,752231,751966,0.001,--------,stream-triad
Intel,3,5,524288,0,0,0,0,32,755916,755535,0.002,--------,stream-triad
Intel,1,5,16777216,0,0,0,0,32,78225,78075,0.004,--------,stream-triad
Intel,2,5,16777216,0,0,0,0,32,77375,77035,0.006,--------,stream-triad
Intel,3,5,16777216,0,0,0,0,32,77356,77186,0.005,--------,stream-triad
Intel,1,5,1073741824,0,0,0,0,32,74545,74312,0.008,--------,stream-triad
Intel,2,5,1073741824,0,0,0,0,32,73616,72792,0.022,--------,stream-triad
Intel,3,5,1073741824,0,0,0,0,32,73488,72735,0.015,--------,stream-triad
ARM,1,5,32768,0,0,0,0,1,74975,74966,0,--------,memcpy-libc
ARM,2,5,32768,0,0,0,0,1,74976,74972,0,--------,memcpy-libc
ARM,3,5,32768,0,0,0,0,1,74954,74947,0,--------,memcpy-libc
ARM,1,5,524288,0,0,0,0,1,68895,68891,0,--------,memcpy-libc
ARM,2,5,524288,0,0,0,0,1,68840,68836,0,--------,memcpy-libc
ARM,3,5,524288,0,0,0,0,1,68839,68832,0,--------,memcpy-libc
ARM,1,5,16777216,0,0,0,0,1,30294,30143,0.015,--------,memcpy-libc
ARM,2,5,16777216,0,0,0,0,1,30254,30154,0.007,--------,memcpy-libc
ARM,3,5,16777216,0,0,0,0,1,30248,30181,0.005,--------,memcpy-libc
ARM,1,5,1073741824,0,0,0,0,1,28971,28960,0.002,--------,memcpy-libc
ARM,2,5,1073741824,0,0,0,0,1,29129,29031,0.007,--------,memcpy-libc
ARM,3,5,1073741824,0,0,0,0,1,29031,28878,0.008,--------,memcpy-libc
ARM,1,5,32768,0,0,0,0,4,299755,299748,0,--------,memcpy-libc
ARM,2,5,32768,0,0,0,0,4,299605,299573,0,--------,memcpy-libc
ARM,3,5,32768,0,0,0,0,4,299722,299700,0,--------,memcpy-libc
ARM,1,5,524288,0,0,0,0,4,274161,274141,0,--------,memcpy-libc
ARM,2,5,524288,0,0,0,0,4,275241,275226,0,--------,memcpy-libc
ARM,3,5,524288,0,0,0,0,4,275544,275489,0.001,--------,memcpy-libc
ARM,1,5,16777216,0,0,0,0,4,108052,107924,0.003,--------,memcpy-libc
ARM,2,5,16777216,0,0,0,0,4,107623,106118,0.033,--------,memcpy-libc
ARM,3,5,16777216,0,0,0,0,4,107826,106548,0.022,--------,memcpy-libc
ARM,1,5,1073741824,0,0,0,0,4,105272,104684,0.016,--------,memcpy-libc
ARM,2,5,1073741824,0,0,0,0,4,104390,103933,0.016,--------,memcpy-libc
ARM,3,5,1073741824,0,0,0,0,4,105382,104778,0.012,--------,memcpy-libc
ARM,1,5,32768,0,0,0,0,8,599526,599501,0,--------,memcpy-libc
ARM,2,5,32768,0,0,0,0,8,599426,599395,0,--------,memcpy-libc
ARM,3,5,32768,0,0,0,0,8,599783,599768,0,--------,memcpy-libc
ARM,1,5,524288,0,0,0,0,8,494968,494743,0.002,--------,memcpy-libc
ARM,2,5,524288,0,0,0,0,8,492913,492425,0.002,--------,memcpy-libc
ARM,3,5,524288,0,0,0,0,8,513822,513497,0.002,--------,memcpy-libc
ARM,1,5,16777216,0,0,0,0,8,147097,145996,0.022,--------,memcpy-libc
ARM,2,5,16777216,0,0,0,0,8,146787,146403,0.011,--------,memcpy-libc
ARM,3,5,16777216,0,0,0,0,8,146026,144975,0.018,--------,memcpy-libc
ARM,1,5,1073741824,0,0,0,0,8,142367,141189,0.017,--------,memcpy-libc
ARM,2,5,1073741824,0,0,0,0,8,142271,141410,0.014,--------,memcpy-libc
ARM,3,5,1073741824,0,0,0,0,8,142501,140811,0.035,--------,memcpy-libc
ARM,1,5,32768,0,0,0,0,12,899238,899214,0,--------,memcpy-libc
ARM,2,5,32768,0,0,0,0,12,899679,899650,0,--------,memcpy-libc
ARM,3,5,32768,0,0,0,0,12,899075,899037,0,--------,memcpy-libc
ARM,1,5,524288,0,0,0,0,12,793698,793203,0.001,--------,memcpy-libc
ARM,2,5,524288,0,0,0,0,12,785659,785100,0.001,--------,memcpy-libc
ARM,3,5,524288,0,0,0,0,12,743356,742075,0.004,--------,memcpy-libc
ARM,1,5,16777216,0,0,0,0,12,158096,156238,0.027,--------,memcpy-libc
ARM,2,5,16777216,0,0,0,0,12,156715,156426,0.006,--------,memcpy-libc
ARM,3,5,16777216,0,0,0,0,12,159018,158540,0.01,--------,memcpy-libc
ARM,1,5,1073741824,0,0,0,0,12,154562,153421,0.014,--------,memcpy-libc
ARM,2,5,1073741824,0,0,0,0,12,154043,149303,0.054,--------,memcpy-libc
ARM,3,5,1073741824,0,0,0,0,12,153904,152931,0.01,--------,memcpy-libc
ARM,1,5,32768,0,0,0,0,16,1199537,1199431,0,--------,memcpy-libc
ARM,2,5,32768,0,0,0,0,16,1199025,1199001,0,--------,memcpy-libc
ARM,3,5,32768,0,0,0,0,16,1199229,1199205,0,--------,memcpy-libc
ARM,1,5,524288,0,0,0,0,16,993280,992698,0.001,--------,memcpy-libc
ARM,2,5,524288,0,0,0,0,16,1002597,1002256,0.001,--------,memcpy-libc
ARM,3,5,524288,0,0,0,0,16,1006937,1006320,0.001,--------,memcpy-libc
ARM,1,5,16777216,0,0,0,0,16,162120,161734,0.008,--------,memcpy-libc
ARM,2,5,16777216,0,0,0,0,16,163721,163323,0.01,--------,memcpy-libc
ARM,3,5,16777216,0,0,0,0,16,162561,160306,0.019,--------,memcpy-libc
ARM,1,5,1073741824,0,0,0,0,16,159334,156269,0.038,--------,memcpy-libc
ARM,2,5,1073741824,0,0,0,0,16,157615,157127,0.006,--------,memcpy-libc
ARM,3,5,1073741824,0,0,0,0,16,159980,159030,0.015,--------,memcpy-libc
ARM,1,5,32768,0,0,0,0,20,1499214,1499162,0,--------,memcpy-libc
ARM,2,5,32768,0,0,0,0,20,1499054,1498992,0,--------,memcpy-libc
ARM,3,5,32768,0,0,0,0,20,1498652,1498608,0,--------,memcpy-libc
ARM,1,5,524288,0,0,0,0,20,1263300,1262619,0.001,--------,memcpy-libc
ARM,2,5,524288,0,0,0,0,20,1259157,1258579,0.001,--------,memcpy-libc
ARM,3,5,524288,0,0,0,0,20,1249085,1248654,0.001,--------,memcpy-libc
ARM,1,5,16777216,0,0,0,0,20,159365,158670,0.008,--------,memcpy-libc
ARM,2,5,16777216,0,0,0,0,20,159604,159056,0.005,--------,memcpy-libc
ARM,3,5,16777216,0,0,0,0,20,159292,156343,0.029,--------,memcpy-libc
ARM,1,5,1073741824,0,0,0,0,20,156305,155784,0.006,--------,memcpy-libc
ARM,2,5,1073741824,0,0,0,0,20,156543,156159,0.004,--------,memcpy-libc
ARM,3,5,1073741824,0,0,0,0,20,155774,154694,0.01,--------,memcpy-libc
ARM,1,5,32768,0,0,0,0,24,1798246,1798207,0,--------,memcpy-libc
ARM,2,5,32768,0,0,0,0,24,1797600,1797536,0,--------,memcpy-libc
ARM,3,5,32768,0,0,0,0,24,1798329,1798277,0,--------,memcpy-libc
ARM,1,5,524288,0,0,0,0,24,1477265,1475888,0.002,--------,memcpy-libc
ARM,2,5,524288,0,0,0,0,24,1546499,1545660,0.001,--------,memcpy-libc
ARM,3,5,524288,0,0,0,0,24,1518883,1518427,0.001,--------,memcpy-libc
ARM,1,5,16777216,0,0,0,0,24,158689,157961,0.009,--------,memcpy-libc
ARM,2,5,16777216,0,0,0,0,24,156814,155786,0.012,--------,memcpy-libc
ARM,3,5,16777216,0,0,0,0,24,157701,157272,0.005,--------,memcpy-libc
ARM,1,5,1073741824,0,0,0,0,24,153150,152151,0.015,--------,memcpy-libc
ARM,2,5,1073741824,0,0,0,0,24,154144,152705,0.015,--------,memcpy-libc
ARM,3,5,1073741824,0,0,0,0,24,153481,152716,0.013,--------,memcpy-libc
ARM,1,5,32768,0,0,0,0,28,2097213,2097132,0,--------,memcpy-libc
ARM,2,5,32768,0,0,0,0,28,2098093,2097984,0,--------,memcpy-libc
ARM,3,5,32768,0,0,0,0,28,2097863,2097813,0,--------,memcpy-libc
ARM,1,5,524288,0,0,0,0,28,1708545,1707785,0.001,--------,memcpy-libc
ARM,2,5,524288,0,0,0,0,28,1717077,1715348,0.002,--------,memcpy-libc
ARM,3,5,524288,0,0,0,0,28,1732424,1730216,0.002,--------,memcpy-libc
ARM,1,5,16777216,0,0,0,0,28,155898,154601,0.017,--------,memcpy-libc
ARM,2,5,16777216,0,0,0,0,28,157276,156505,0.008,--------,memcpy-libc
ARM,3,5,16777216,0,0,0,0,28,157068,156765,0.005,--------,memcpy-libc
ARM,1,5,1073741824,0,0,0,0,28,152398,151973,0.009,--------,memcpy-libc
ARM,2,5,1073741824,0,0,0,0,28,152928,152231,0.01,--------,memcpy-libc
ARM,3,5,1073741824,0,0,0,0,28,152817,152232,0.006,--------,memcpy-libc
ARM,1,5,32768,0,0,0,0,32,2396428,2395987,0.001,--------,memcpy-libc
ARM,2,5,32768,0,0,0,0,32,2397624,2397090,0.001,--------,memcpy-libc
ARM,3,5,32768,0,0,0,0,32,2397401,2396879,0.001,--------,memcpy-libc
ARM,1,5,524288,0,0,0,0,32,1915531,1913123,0.003,--------,memcpy-libc
ARM,2,5,524288,0,0,0,0,32,2008386,2007364,0.001,--------,memcpy-libc
ARM,3,5,524288,0,0,0,0,32,1932301,1931118,0.002,--------,memcpy-libc
ARM,1,5,16777216,0,0,0,0,32,156418,155604,0.008,--------,memcpy-libc
ARM,2,5,16777216,0,0,0,0,32,154575,154029,0.006,--------,memcpy-libc
ARM,3,5,16777216,0,0,0,0,32,155853,155259,0.007,--------,memcpy-libc
ARM,1,5,1073741824,0,0,0,0,32,151180,150145,0.013,--------,memcpy-libc
ARM,2,5,1073741824,0,0,0,0,32,152549,151906,0.007,--------,memcpy-libc
ARM,3,5,1073741824,0,0,0,0,32,151830,151388,0.007,--------,memcpy-libc
ARM,1,5,32768,0,0,0,0,1,37986,37985,0,--------,memset-libc
ARM,2,5,32768,0,0,0,0,1,37987,37986,0,--------,memset-libc
ARM,3,5,32768,0,0,0,0,1,37990,37987,0,--------,memset-libc
ARM,1,5,524288,0,0,0,0,1,38075,38073,0,--------,memset-libc
ARM,2,5,524288,0,0,0,0,1,38072,38071,0,--------,memset-libc
ARM,3,5,524288,0,0,0,0,1,38073,38072,0,--------,memset-libc
ARM,1,5,16777216,0,0,0,0,1,38047,38034,0.001,--------,memset-libc
ARM,2,5,16777216,0,0,0,0,1,38051,38043,0,--------,memset-libc
ARM,3,5,16777216,0,0,0,0,1,38051,38044,0,--------,memset-libc
ARM,1,5,1073741824,0,0,0,0,1,36596,36455,0.007,--------,memset-libc
ARM,2,5,1073741824,0,0,0,0,1,36273,36246,0.002,--------,memset-libc
ARM,3,5,1073741824,0,0,0,0,1,36277,36231,0.002,--------,memset-libc
ARM,1,5,32768,0,0,0,0,4,151944,151936,0,--------,memset-libc
ARM,2,5,32768,0,0,0,0,4,151926,151922,0,--------,memset-libc
ARM,3,5,32768,0,0,0,0,4,151969,151965,0,--------,memset-libc
ARM,1,5,524288,0,0,0,0,4,152305,152302,0,--------,memset-libc
ARM,2,5,524288,0,0,0,0,4,152303,152298,0,--------,memset-libc
ARM,3,5,524288,0,0,0,0,4,152301,152293,0,--------,memset-libc
ARM,1,5,16777216,0,0,0,0,4,142371,141942,0.008,--------,memset-libc
ARM,2,5,16777216,0,0,0,0,4,142445,142117,0.005,--------,memset-libc
ARM,3,5,16777216,0,0,0,0,4,142660,142400,0.005,--------,memset-libc
ARM,1,5,1073741824,0,0,0,0,4,132109,131509,0.01,--------,memset-libc
ARM,2,5,1073741824,0,0,0,0,4,132244,131556,0.012,--------,memset-libc
ARM,3,5,1073741824,0,0,0,0,4,130662,129472,0.017,--------,memset-libc
ARM,1,5,32768,0,0,0,0,8,303858,303850,0,--------,memset-libc
ARM,2,5,32768,0,0,0,0,8,303889,303875,0,--------,memset-libc
ARM,3,5,32768,0,0,0,0,8,303943,303941,0,--------,memset-libc
ARM,1,5,524288,0,0,0,0,8,304614,304602,0,--------,memset-libc
ARM,2,5,524288,0,0,0,0,8,304614,304561,0,--------,memset-libc
ARM,3,5,524288,0,0,0,0,8,304614,304604,0,--------,memset-libc
ARM,1,5,16777216,0,0,0,0,8,159753,158773,0.01,--------,memset-libc
ARM,2,5,16777216,0,0,0,0,8,159285,157153,0.028,--------,memset-libc
ARM,3,5,16777216,0,0,0,0,8,159222,156293,0.029,--------,memset-libc
ARM,1,5,1073741824,0,0,0,0,8,154052,152285,0.036,--------,memset-libc
ARM,2,5,1073741824,0,0,0,0,8,152828,150206,0.03,--------,memset-libc
ARM,3,5,1073741824,0,0,0,0,8,154514,151754,0.034,--------,memset-libc
ARM,1,5,32768,0,0,0,0,12,455788,455786,0,--------,memset-libc
ARM,2,5,32768,0,0,0,0,12,455915,455910,0,--------,memset-libc
ARM,3,5,32768,0,0,0,0,12,455798,455786,0,--------,memset-libc
ARM,1,5,524288,0,0,0,0,12,456904,456757,0.001,--------,memset-libc
ARM,2,5,524288,0,0,0,0,12,456920,456900,0,--------,memset-libc
ARM,3,5,524288,0,0,0,0,12,456912,456904,0,--------,memset-libc
ARM,1,5,16777216,0,0,0,0,12,157406,154905,0.039,--------,memset-libc
ARM,2,5,16777216,0,0,0,0,12,158628,156721,0.038,--------,memset-libc
ARM,3,5,16777216,0,0,0,0,12,159320,154921,0.046,--------,memset-libc
ARM,1,5,1073741824,0,0,0,0,12,154280,153427,0.013,--------,memset-libc
ARM,2,5,1073741824,0,0,0,0,12,151372,150108,0.013,--------,memset-libc
ARM,3,5,1073741824,0,0,0,0,12,152796,151563,0.021,--------,memset-libc
ARM,1,5,32768,0,0,0,0,16,607946,607892,0,--------,memset-libc
ARM,2,5,32768,0,0,0,0,16,607845,607831,0,--------,memset-libc
ARM,3,5,32768,0,0,0,0,16,607828,607810,0,--------,memset-libc
ARM,1,5,524288,0,0,0,0,16,609202,608823,0.003,--------,memset-libc
ARM,2,5,524288,0,0,0,0,16,609185,609007,0.001,--------,memset-libc
ARM,3,5,524288,0,0,0,0,16,609195,609037,0.001,--------,memset-libc
ARM,1,5,16777216,0,0,0,0,16,153819,150986,0.033,--------,memset-libc
ARM,2,5,16777216,0,0,0,0,16,159037,155073,0.042,--------,memset-libc
ARM,3,5,16777216,0,0,0,0,16,162048,161091,0.014,--------,memset-libc
ARM,1,5,1073741824,0,0,0,0,16,153956,151902,0.034,--------,memset-libc
ARM,2,5,1073741824,0,0,0,0,16,152796,150680,0.029,--------,memset-libc
ARM,3,5,1073741824,0,0,0,0,16,151333,148527,0.033,--------,memset-libc
ARM,1,5,32768,0,0,0,0,20,759813,759787,0,--------,memset-libc
ARM,2,5,32768,0,0,0,0,20,759818,759777,0,--------,memset-libc
ARM,3,5,32768,0,0,0,0,20,759771,759750,0,--------,memset-libc
ARM,1,5,524288,0,0,0,0,20,761444,760337,0.007,--------,memset-libc
ARM,2,5,524288,0,0,0,0,20,761365,760888,0.003,--------,memset-libc
ARM,3,5,524288,0,0,0,0,20,761459,761112,0.002,--------,memset-libc
ARM,1,5,16777216,0,0,0,0,20,162369,160142,0.026,--------,memset-libc
ARM,2,5,16777216,0,0,0,0,20,161541,160871,0.01,--------,memset-libc
ARM,3,5,16777216,0,0,0,0,20,160492,157637,0.033,--------,memset-libc
ARM,1,5,1073741824,0,0,0,0,20,154824,153767,0.013,--------,memset-libc
ARM,2,5,1073741824,0,0,0,0,20,152338,150554,0.021,--------,memset-libc
ARM,3,5,1073741824,0,0,0,0,20,152110,149427,0.034,--------,memset-libc
ARM,1,5,32768,0,0,0,0,24,911475,911467,0,--------,memset-libc
ARM,2,5,32768,0,0,0,0,24,911697,911691,0,--------,memset-libc
ARM,3,5,32768,0,0,0,0,24,911665,911652,0,--------,memset-libc
ARM,1,5,524288,0,0,0,0,24,913724,911906,0.01,--------,memset-libc
ARM,2,5,524288,0,0,0,0,24,913690,912402,0.007,--------,memset-libc
ARM,3,5,524288,0,0,0,0,24,913719,912942,0.004,--------,memset-libc
ARM,1,5,16777216,0,0,0,0,24,162350,155868,0.181,--------,memset-libc
ARM,2,5,16777216,0,0,0,0,24,156987,145142,0.165,--------,memset-libc
ARM,3,5,16777216,0,0,0,0,24,157806,155988,0.031,--------,memset-libc
ARM,1,5,1073741824,0,0,0,0,24,147677,136741,0.111,--------,memset-libc
ARM,2,5,1073741824,0,0,0,0,24,153653,148492,0.057,--------,memset-libc
ARM,3,5,1073741824,0,0,0,0,24,151404,146194,0.134,--------,memset-libc
ARM,1,5,32768,0,0,0,0,28,1063590,1063572,0,--------,memset-libc
ARM,2,5,32768,0,0,0,0,28,1063319,1063290,0,--------,memset-libc
ARM,3,5,32768,0,0,0,0,28,1063528,1063522,0,--------,memset-libc
ARM,1,5,524288,0,0,0,0,28,1065965,1063112,0.013,--------,memset-libc
ARM,2,5,524288,0,0,0,0,28,1065974,1062607,0.015,--------,memset-libc
ARM,3,5,524288,0,0,0,0,28,1065967,1064868,0.005,--------,memset-libc
ARM,1,5,16777216,0,0,0,0,28,165004,164792,0.003,--------,memset-libc
ARM,2,5,16777216,0,0,0,0,28,165152,163617,0.03,--------,memset-libc
ARM,3,5,16777216,0,0,0,0,28,165293,161601,0.063,--------,memset-libc
ARM,1,5,1073741824,0,0,0,0,28,158596,157700,0.015,--------,memset-libc
ARM,2,5,1073741824,0,0,0,0,28,158897,157804,0.014,--------,memset-libc
ARM,3,5,1073741824,0,0,0,0,28,153497,140405,0.131,--------,memset-libc
ARM,1,5,32768,0,0,0,0,32,1215522,1215402,0,--------,memset-libc
ARM,2,5,32768,0,0,0,0,32,1215459,1215271,0,--------,memset-libc
ARM,3,5,32768,0,0,0,0,32,1215407,1215291,0,--------,memset-libc
ARM,1,5,524288,0,0,0,0,32,1218047,1210525,0.03,--------,memset-libc
ARM,2,5,524288,0,0,0,0,32,1218086,1211856,0.025,--------,memset-libc
ARM,3,5,524288,0,0,0,0,32,1218114,1211940,0.025,--------,memset-libc
ARM,1,5,16777216,0,0,0,0,32,167620,166840,0.009,--------,memset-libc
ARM,2,5,16777216,0,0,0,0,32,167283,166278,0.01,--------,memset-libc
ARM,3,5,16777216,0,0,0,0,32,168611,167913,0.015,--------,memset-libc
ARM,1,5,1073741824,0,0,0,0,32,158259,157087,0.014,--------,memset-libc
ARM,2,5,1073741824,0,0,0,0,32,159254,158608,0.012,--------,memset-libc
ARM,3,5,1073741824,0,0,0,0,32,159489,159156,0.007,--------,memset-libc
ARM,1,5,32768,0,0,0,0,1,75549,75547,0,--------,memsetz-libc
ARM,2,5,32768,0,0,0,0,1,75548,75546,0,--------,memsetz-libc
ARM,3,5,32768,0,0,0,0,1,75548,75547,0,--------,memsetz-libc
ARM,1,5,524288,0,0,0,0,1,76121,76110,0.001,--------,memsetz-libc
ARM,2,5,524288,0,0,0,0,1,76120,76109,0.001,--------,memsetz-libc
ARM,3,5,524288,0,0,0,0,1,76119,76107,0.001,--------,memsetz-libc
ARM,1,5,16777216,0,0,0,0,1,60377,59999,0.029,--------,memsetz-libc
ARM,2,5,16777216,0,0,0,0,1,60419,60278,0.007,--------,memsetz-libc
ARM,3,5,16777216,0,0,0,0,1,60234,58694,0.064,--------,memsetz-libc
ARM,1,5,1073741824,0,0,0,0,1,57888,57120,0.031,--------,memsetz-libc
ARM,2,5,1073741824,0,0,0,0,1,57980,57820,0.007,--------,memsetz-libc
ARM,3,5,1073741824,0,0,0,0,1,57487,57347,0.008,--------,memsetz-libc
ARM,1,5,32768,0,0,0,0,4,302210,302201,0,--------,memsetz-libc
ARM,2,5,32768,0,0,0,0,4,302201,302196,0,--------,memsetz-libc
ARM,3,5,32768,0,0,0,0,4,302211,302205,0,--------,memsetz-libc
ARM,1,5,524288,0,0,0,0,4,304496,304412,0.001,--------,memsetz-libc
ARM,2,5,524288,0,0,0,0,4,304484,304383,0.001,--------,memsetz-libc
ARM,3,5,524288,0,0,0,0,4,304492,304388,0.002,--------,memsetz-libc
ARM,1,5,16777216,0,0,0,0,4,159133,158647,0.008,--------,memsetz-libc
ARM,2,5,16777216,0,0,0,0,4,158581,157923,0.01,--------,memsetz-libc
ARM,3,5,16777216,0,0,0,0,4,159004,158457,0.006,--------,memsetz-libc
ARM,1,5,1073741824,0,0,0,0,4,145132,144524,0.008,--------,memsetz-libc
ARM,2,5,1073741824,0,0,0,0,4,144749,144537,0.007,--------,memsetz-libc
ARM,3,5,1073741824,0,0,0,0,4,144577,143523,0.015,--------,memsetz-libc
ARM,1,5,32768,0,0,0,0,8,604414,604409,0,--------,memsetz-libc
ARM,2,5,32768,0,0,0,0,8,604419,604410,0,--------,memsetz-libc
ARM,3,5,32768,0,0,0,0,8,604418,604412,0,--------,memsetz-libc
ARM,1,5,524288,0,0,0,0,8,609002,608354,0.005,--------,memsetz-libc
ARM,2,5,524288,0,0,0,0,8,609008,608803,0.002,--------,memsetz-libc
ARM,3,5,524288,0,0,0,0,8,609037,608576,0.004,--------,memsetz-libc
ARM,1,5,16777216,0,0,0,0,8,168275,167858,0.006,--------,memsetz-libc
ARM,2,5,16777216,0,0,0,0,8,168002,166840,0.02,--------,memsetz-libc
ARM,3,5,16777216,0,0,0,0,8,167569,166676,0.01,--------,memsetz-libc
ARM,1,5,1073741824,0,0,0,0,8,159676,152536,0.109,--------,memsetz-libc
ARM,2,5,1073741824,0,0,0,0,8,147020,134471,0.127,--------,memsetz-libc
ARM,3,5,1073741824,0,0,0,0,8,160242,151849,0.1,--------,memsetz-libc
ARM,1,5,32768,0,0,0,0,12,906736,906709,0,--------,memsetz-libc
ARM,2,5,32768,0,0,0,0,12,906740,906717,0,--------,memsetz-libc
ARM,3,5,32768,0,0,0,0,12,906804,906746,0,--------,memsetz-libc
ARM,1,5,524288,0,0,0,0,12,913605,908264,0.029,--------,memsetz-libc
ARM,2,5,524288,0,0,0,0,12,913603,910674,0.016,--------,memsetz-libc
ARM,3,5,524288,0,0,0,0,12,913594,909957,0.02,--------,memsetz-libc
ARM,1,5,16777216,0,0,0,0,12,149107,140337,0.082,--------,memsetz-libc
ARM,2,5,16777216,0,0,0,0,12,139310,137271,0.029,--------,memsetz-libc
ARM,3,5,16777216,0,0,0,0,12,140143,137848,0.031,--------,memsetz-libc
ARM,1,5,1073741824,0,0,0,0,12,135069,133605,0.022,--------,memsetz-libc
ARM,2,5,1073741824,0,0,0,0,12,156561,148172,0.102,--------,memsetz-libc
ARM,3,5,1073741824,0,0,0,0,12,160302,159591,0.007,--------,memsetz-libc
ARM,1,5,32768,0,0,0,0,16,1208987,1208906,0,--------,memsetz-libc
ARM,2,5,32768,0,0,0,0,16,1208865,1208835,0,--------,memsetz-libc
ARM,3,5,32768,0,0,0,0,16,1208920,1208832,0,--------,memsetz-libc
ARM,1,5,524288,0,0,0,0,16,1218000,1204997,0.054,--------,memsetz-libc
ARM,2,5,524288,0,0,0,0,16,1217956,1209900,0.033,--------,memsetz-libc
ARM,3,5,524288,0,0,0,0,16,1217928,1212961,0.018,--------,memsetz-libc
ARM,1,5,16777216,0,0,0,0,16,167707,154515,0.156,--------,memsetz-libc
ARM,2,5,16777216,0,0,0,0,16,162870,152486,0.189,--------,memsetz-libc
ARM,3,5,16777216,0,0,0,0,16,160758,151748,0.19,--------,memsetz-libc
ARM,1,5,1073741824,0,0,0,0,16,154059,144277,0.149,--------,memsetz-libc
ARM,2,5,1073741824,0,0,0,0,16,153411,141865,0.163,--------,memsetz-libc
ARM,3,5,1073741824,0,0,0,0,16,153690,145157,0.164,--------,memsetz-libc
ARM,1,5,32768,0,0,0,0,20,1510964,1510909,0,--------,memsetz-libc
ARM,2,5,32768,0,0,0,0,20,1510993,1510910,0,--------,memsetz-libc
ARM,3,5,32768,0,0,0,0,20,1510917,1510898,0,--------,memsetz-libc
ARM,1,5,524288,0,0,0,0,20,1522457,1504959,0.058,--------,memsetz-libc
ARM,2,5,524288,0,0,0,0,20,1522268,1505967,0.053,--------,memsetz-libc
ARM,3,5,524288,0,0,0,0,20,1522445,1512322,0.033,--------,memsetz-libc
ARM,1,5,16777216,0,0,0,0,20,169008,168372,0.01,--------,memsetz-libc
ARM,2,5,16777216,0,0,0,0,20,168902,168277,0.009,--------,memsetz-libc
ARM,3,5,16777216,0,0,0,0,20,168795,166533,0.029,--------,memsetz-libc
ARM,1,5,1073741824,0,0,0,0,20,159482,159309,0.003,--------,memsetz-libc
ARM,2,5,1073741824,0,0,0,0,20,159851,158221,0.044,--------,memsetz-libc
ARM,3,5,1073741824,0,0,0,0,20,158260,155216,0.048,--------,memsetz-libc
ARM,1,5,32768,0,0,0,0,24,1813086,1813070,0,--------,memsetz-libc
ARM,2,5,32768,0,0,0,0,24,1813162,1813091,0,--------,memsetz-libc
ARM,3,5,32768,0,0,0,0,24,1813016,1813002,0,--------,memsetz-libc
ARM,1,5,524288,0,0,0,0,24,1826632,1761056,0.155,--------,memsetz-libc
ARM,2,5,524288,0,0,0,0,24,1826830,1781151,0.112,--------,memsetz-libc
ARM,3,5,524288,0,0,0,0,24,1826890,1792707,0.084,--------,memsetz-libc
ARM,1,5,16777216,0,0,0,0,24,168874,167924,0.011,--------,memsetz-libc
ARM,2,5,16777216,0,0,0,0,24,168950,165116,0.073,--------,memsetz-libc
ARM,3,5,16777216,0,0,0,0,24,168607,167212,0.015,--------,memsetz-libc
ARM,1,5,1073741824,0,0,0,0,24,158648,157530,0.013,--------,memsetz-libc
ARM,2,5,1073741824,0,0,0,0,24,157341,156404,0.015,--------,memsetz-libc
ARM,3,5,1073741824,0,0,0,0,24,159392,159092,0.005,--------,memsetz-libc
ARM,1,5,32768,0,0,0,0,28,2115107,2115098,0,--------,memsetz-libc
ARM,2,5,32768,0,0,0,0,28,2115282,2115131,0,--------,memsetz-libc
ARM,3,5,32768,0,0,0,0,28,2115137,2115091,0,--------,memsetz-libc
ARM,1,5,524288,0,0,0,0,28,2131144,2043538,0.152,--------,memsetz-libc
ARM,2,5,524288,0,0,0,0,28,2118558,2023542,0.154,--------,memsetz-libc
ARM,3,5,524288,0,0,0,0,28,2131180,2041815,0.164,--------,memsetz-libc
ARM,1,5,16777216,0,0,0,0,28,167232,166843,0.005,--------,memsetz-libc
ARM,2,5,16777216,0,0,0,0,28,168980,168430,0.011,--------,memsetz-libc
ARM,3,5,16777216,0,0,0,0,28,169289,168602,0.008,--------,memsetz-libc
ARM,1,5,1073741824,0,0,0,0,28,159259,153857,0.094,--------,memsetz-libc
ARM,2,5,1073741824,0,0,0,0,28,156771,146343,0.149,--------,memsetz-libc
ARM,3,5,1073741824,0,0,0,0,28,154985,144774,0.121,--------,memsetz-libc
ARM,1,5,32768,0,0,0,0,32,2417245,2417046,0,--------,memsetz-libc
ARM,2,5,32768,0,0,0,0,32,2417294,2416987,0.001,--------,memsetz-libc
ARM,3,5,32768,0,0,0,0,32,2417209,2416938,0.001,--------,memsetz-libc
ARM,1,5,524288,0,0,0,0,32,2010507,1677407,0.344,--------,memsetz-libc
ARM,2,5,524288,0,0,0,0,32,2232468,1926764,0.354,--------,memsetz-libc
ARM,3,5,524288,0,0,0,0,32,2268466,1993217,0.381,--------,memsetz-libc
ARM,1,5,16777216,0,0,0,0,32,167309,166726,0.009,--------,memsetz-libc
ARM,2,5,16777216,0,0,0,0,32,166723,165701,0.01,--------,memsetz-libc
ARM,3,5,16777216,0,0,0,0,32,168391,166479,0.026,--------,memsetz-libc
ARM,1,5,1073741824,0,0,0,0,32,159826,159378,0.006,--------,memsetz-libc
ARM,2,5,1073741824,0,0,0,0,32,158238,152784,0.134,--------,memsetz-libc
ARM,3,5,1073741824,0,0,0,0,32,159413,158628,0.021,--------,memsetz-libc
ARM,1,5,32768,0,0,0,0,1,19092,19092,0,--------,stream-sum
ARM,2,5,32768,0,0,0,0,1,19092,19092,0,--------,stream-sum
ARM,3,5,32768,0,0,0,0,1,19092,19092,0,--------,stream-sum
ARM,1,5,524288,0,0,0,0,1,18962,18961,0,--------,stream-sum
ARM,2,5,524288,0,0,0,0,1,18991,18986,0,--------,stream-sum
ARM,3,5,524288,0,0,0,0,1,18972,18969,0,--------,stream-sum
ARM,1,5,16777216,0,0,0,0,1,18918,18901,0.004,--------,stream-sum
ARM,2,5,16777216,0,0,0,0,1,18912,18906,0.001,--------,stream-sum
ARM,3,5,16777216,0,0,0,0,1,18921,18904,0.002,--------,stream-sum
ARM,1,5,1073741824,0,0,0,0,1,17705,17685,0.002,--------,stream-sum
ARM,2,5,1073741824,0,0,0,0,1,17729,17725,0.001,--------,stream-sum
ARM,3,5,1073741824,0,0,0,0,1,17686,17680,0.001,--------,stream-sum
ARM,1,5,32768,0,0,0,0,4,74804,74799,0,--------,stream-sum
ARM,2,5,32768,0,0,0,0,4,74686,74682,0,--------,stream-sum
ARM,3,5,32768,0,0,0,0,4,75006,75002,0,--------,stream-sum
ARM,1,5,524288,0,0,0,0,4,75887,75881,0,--------,stream-sum
ARM,2,5,524288,0,0,0,0,4,75752,75736,0,--------,stream-sum
ARM,3,5,524288,0,0,0,0,4,75885,75882,0,--------,stream-sum
ARM,1,5,16777216,0,0,0,0,4,70271,70232,0.001,--------,stream-sum
ARM,2,5,16777216,0,0,0,0,4,70279,70252,0.001,--------,stream-sum
ARM,3,5,16777216,0,0,0,0,4,70280,70145,0.004,--------,stream-sum
ARM,1,5,1073741824,0,0,0,0,4,68816,67005,0.082,--------,stream-sum
ARM,2,5,1073741824,0,0,0,0,4,68468,66494,0.066,--------,stream-sum
ARM,3,5,1073741824,0,0,0,0,4,68260,66544,0.064,--------,stream-sum
ARM,1,5,32768,0,0,0,0,8,148710,148704,0,--------,stream-sum
ARM,2,5,32768,0,0,0,0,8,148785,148773,0,--------,stream-sum
ARM,3,5,32768,0,0,0,0,8,148454,148453,0,--------,stream-sum
ARM,1,5,524288,0,0,0,0,8,151604,151588,0,--------,stream-sum
ARM,2,5,524288,0,0,0,0,8,151784,151763,0,--------,stream-sum
ARM,3,5,524288,0,0,0,0,8,151753,151744,0,--------,stream-sum
ARM,1,5,16777216,0,0,0,0,8,127905,127758,0.002,--------,stream-sum
ARM,2,5,16777216,0,0,0,0,8,127911,127384,0.011,--------,stream-sum
ARM,3,5,16777216,0,0,0,0,8,127783,127640,0.004,--------,stream-sum
ARM,1,5,1073741824,0,0,0,0,8,119153,119004,0.002,--------,stream-sum
ARM,2,5,1073741824,0,0,0,0,8,119155,115594,0.098,--------,stream-sum
ARM,3,5,1073741824,0,0,0,0,8,119209,118519,0.015,--------,stream-sum
ARM,1,5,32768,0,0,0,0,12,222751,222743,0,--------,stream-sum
ARM,2,5,32768,0,0,0,0,12,222892,222881,0,--------,stream-sum
ARM,3,5,32768,0,0,0,0,12,223225,223214,0,--------,stream-sum
ARM,1,5,524288,0,0,0,0,12,228056,228051,0,--------,stream-sum
ARM,2,5,524288,0,0,0,0,12,227481,227468,0,--------,stream-sum
ARM,3,5,524288,0,0,0,0,12,227499,227480,0,--------,stream-sum
ARM,1,5,16777216,0,0,0,0,12,160068,156969,0.07,--------,stream-sum
ARM,2,5,16777216,0,0,0,0,12,159969,159621,0.006,--------,stream-sum
ARM,3,5,16777216,0,0,0,0,12,159996,159381,0.013,--------,stream-sum
ARM,1,5,1073741824,0,0,0,0,12,148669,148247,0.006,--------,stream-sum
ARM,2,5,1073741824,0,0,0,0,12,148424,147474,0.017,--------,stream-sum
ARM,3,5,1073741824,0,0,0,0,12,148430,148118,0.004,--------,stream-sum
ARM,1,5,32768,0,0,0,0,16,291814,291688,0.001,--------,stream-sum
ARM,2,5,32768,0,0,0,0,16,297599,297546,0,--------,stream-sum
ARM,3,5,32768,0,0,0,0,16,297543,297455,0.001,--------,stream-sum
ARM,1,5,524288,0,0,0,0,16,303822,303800,0,--------,stream-sum
ARM,2,5,524288,0,0,0,0,16,303568,303559,0,--------,stream-sum
ARM,3,5,524288,0,0,0,0,16,303314,303303,0,--------,stream-sum
ARM,1,5,16777216,0,0,0,0,16,178892,178560,0.007,--------,stream-sum
ARM,2,5,16777216,0,0,0,0,16,179045,178735,0.003,--------,stream-sum
ARM,3,5,16777216,0,0,0,0,16,177762,177519,0.004,--------,stream-sum
ARM,1,5,1073741824,0,0,0,0,16,163879,163026,0.016,--------,stream-sum
ARM,2,5,1073741824,0,0,0,0,16,161717,152351,0.116,--------,stream-sum
ARM,3,5,1073741824,0,0,0,0,16,157985,151419,0.083,--------,stream-sum
ARM,1,5,32768,0,0,0,0,20,285933,285564,0.004,--------,stream-sum
ARM,2,5,32768,0,0,0,0,20,299815,299440,0.003,--------,stream-sum
ARM,3,5,32768,0,0,0,0,20,330714,330505,0.002,--------,stream-sum
ARM,1,5,524288,0,0,0,0,20,379569,379547,0,--------,stream-sum
ARM,2,5,524288,0,0,0,0,20,379265,379257,0,--------,stream-sum
ARM,3,5,524288,0,0,0,0,20,379512,379493,0,--------,stream-sum
ARM,1,5,16777216,0,0,0,0,20,183992,183876,0.001,--------,stream-sum
ARM,2,5,16777216,0,0,0,0,20,184197,183627,0.007,--------,stream-sum
ARM,3,5,16777216,0,0,0,0,20,184064,182549,0.028,--------,stream-sum
ARM,1,5,1073741824,0,0,0,0,20,167041,166805,0.002,--------,stream-sum
ARM,2,5,1073741824,0,0,0,0,20,166784,158415,0.147,--------,stream-sum
ARM,3,5,1073741824,0,0,0,0,20,166861,164445,0.042,--------,stream-sum
ARM,1,5,32768,0,0,0,0,24,314899,314868,0,--------,stream-sum
ARM,2,5,32768,0,0,0,0,24,292362,292315,0,--------,stream-sum
ARM,3,5,32768,0,0,0,0,24,314983,314858,0.001,--------,stream-sum
ARM,1,5,524288,0,0,0,0,24,455352,455338,0,--------,stream-sum
ARM,2,5,524288,0,0,0,0,24,455239,455222,0,--------,stream-sum
ARM,3,5,524288,0,0,0,0,24,455460,455448,0,--------,stream-sum
ARM,1,5,16777216,0,0,0,0,24,179611,175632,0.079,--------,stream-sum
ARM,2,5,16777216,0,0,0,0,24,179890,179186,0.01,--------,stream-sum
ARM,3,5,16777216,0,0,0,0,24,179905,179558,0.003,--------,stream-sum
ARM,1,5,1073741824,0,0,0,0,24,162200,162009,0.005,--------,stream-sum
ARM,2,5,1073741824,0,0,0,0,24,162155,161352,0.012,--------,stream-sum
ARM,3,5,1073741824,0,0,0,0,24,162159,161545,0.01,--------,stream-sum
ARM,1,5,32768,0,0,0,0,28,318008,317712,0.004,--------,stream-sum
ARM,2,5,32768,0,0,0,0,28,294967,294781,0.002,--------,stream-sum
ARM,3,5,32768,0,0,0,0,28,336599,336250,0.003,--------,stream-sum
ARM,1,5,524288,0,0,0,0,28,530887,530870,0,--------,stream-sum
ARM,2,5,524288,0,0,0,0,28,531111,531082,0,--------,stream-sum
ARM,3,5,524288,0,0,0,0,28,531385,531362,0,--------,stream-sum
ARM,1,5,16777216,0,0,0,0,28,176411,176047,0.006,--------,stream-sum
ARM,2,5,16777216,0,0,0,0,28,176543,176276,0.004,--------,stream-sum
ARM,3,5,16777216,0,0,0,0,28,176466,175798,0.011,--------,stream-sum
ARM,1,5,1073741824,0,0,0,0,28,161068,151943,0.148,--------,stream-sum
ARM,2,5,1073741824,0,0,0,0,28,161290,153515,0.134,--------,stream-sum
ARM,3,5,1073741824,0,0,0,0,28,160329,153007,0.132,--------,stream-sum
ARM,1,5,32768,0,0,0,0,32,278742,278506,0.002,--------,stream-sum
ARM,2,5,32768,0,0,0,0,32,325186,324826,0.002,--------,stream-sum
ARM,3,5,32768,0,0,0,0,32,281522,281484,0,--------,stream-sum
ARM,1,5,524288,0,0,0,0,32,607711,607577,0,--------,stream-sum
ARM,2,5,524288,0,0,0,0,32,607040,607008,0,--------,stream-sum
ARM,3,5,524288,0,0,0,0,32,607497,607420,0,--------,stream-sum
ARM,1,5,16777216,0,0,0,0,32,173811,173494,0.004,--------,stream-sum
ARM,2,5,16777216,0,0,0,0,32,174711,173873,0.011,--------,stream-sum
ARM,3,5,16777216,0,0,0,0,32,174659,173775,0.022,--------,stream-sum
ARM,1,5,1073741824,0,0,0,0,32,163457,163231,0.002,--------,stream-sum
ARM,2,5,1073741824,0,0,0,0,32,163088,156225,0.159,--------,stream-sum
ARM,3,5,1073741824,0,0,0,0,32,163256,162618,0.016,--------,stream-sum
ARM,1,5,32768,0,0,0,0,1,56294,56294,0,--------,stream-triad
ARM,2,5,32768,0,0,0,0,1,56294,56292,0,--------,stream-triad
ARM,3,5,32768,0,0,0,0,1,56295,56292,0,--------,stream-triad
ARM,1,5,524288,0,0,0,0,1,56472,56464,0,--------,stream-triad
ARM,2,5,524288,0,0,0,0,1,56605,56601,0,--------,stream-triad
ARM,3,5,524288,0,0,0,0,1,56644,56629,0.001,--------,stream-triad
ARM,1,5,16777216,0,0,0,0,1,24998,24923,0.011,--------,stream-triad
ARM,2,5,16777216,0,0,0,0,1,24743,24730,0.001,--------,stream-triad
ARM,3,5,16777216,0,0,0,0,1,24724,24711,0.001,--------,stream-triad
ARM,1,5,1073741824,0,0,0,0,1,23945,23885,0.007,--------,stream-triad
ARM,2,5,1073741824,0,0,0,0,1,23921,23901,0.002,--------,stream-triad
ARM,3,5,1073741824,0,0,0,0,1,23934,23911,0.001,--------,stream-triad
ARM,1,5,32768,0,0,0,0,4,225191,225186,0,--------,stream-triad
ARM,2,5,32768,0,0,0,0,4,225188,225177,0,--------,stream-triad
ARM,3,5,32768,0,0,0,0,4,225192,225168,0,--------,stream-triad
ARM,1,5,524288,0,0,0,0,4,221063,220799,0.003,--------,stream-triad
ARM,2,5,524288,0,0,0,0,4,220818,220644,0.002,--------,stream-triad
ARM,3,5,524288,0,0,0,0,4,207106,207082,0,--------,stream-triad
ARM,1,5,16777216,0,0,0,0,4,93350,93257,0.002,--------,stream-triad
ARM,2,5,16777216,0,0,0,0,4,93276,93172,0.002,--------,stream-triad
ARM,3,5,16777216,0,0,0,0,4,92204,91828,0.017,--------,stream-triad
ARM,1,5,1073741824,0,0,0,0,4,88830,88781,0.001,--------,stream-triad
ARM,2,5,1073741824,0,0,0,0,4,88125,86495,0.074,--------,stream-triad
ARM,3,5,1073741824,0,0,0,0,4,88088,85799,0.054,--------,stream-triad
ARM,1,5,32768,0,0,0,0,8,450336,450310,0,--------,stream-triad
ARM,2,5,32768,0,0,0,0,8,450385,450344,0,--------,stream-triad
ARM,3,5,32768,0,0,0,0,8,450382,450336,0,--------,stream-triad
ARM,1,5,524288,0,0,0,0,8,439049,438835,0.001,--------,stream-triad
ARM,2,5,524288,0,0,0,0,8,419578,419486,0,--------,stream-triad
ARM,3,5,524288,0,0,0,0,8,431724,431603,0,--------,stream-triad
ARM,1,5,16777216,0,0,0,0,8,139841,136504,0.043,--------,stream-triad
ARM,2,5,16777216,0,0,0,0,8,141940,141128,0.017,--------,stream-triad
ARM,3,5,16777216,0,0,0,0,8,142098,141231,0.015,--------,stream-triad
ARM,1,5,1073741824,0,0,0,0,8,137272,137110,0.004,--------,stream-triad
ARM,2,5,1073741824,0,0,0,0,8,137350,137268,0.001,--------,stream-triad
ARM,3,5,1073741824,0,0,0,0,8,137339,137262,0.001,--------,stream-triad
ARM,1,5,32768,0,0,0,0,12,675582,675560,0,--------,stream-triad
ARM,2,5,32768,0,0,0,0,12,675576,675560,0,--------,stream-triad
ARM,3,5,32768,0,0,0,0,12,675565,675547,0,--------,stream-triad
ARM,1,5,524288,0,0,0,0,12,645643,645346,0.001,--------,stream-triad
ARM,2,5,524288,0,0,0,0,12,674180,673985,0.001,--------,stream-triad
ARM,3,5,524288,0,0,0,0,12,657010,656460,0.002,--------,stream-triad
ARM,1,5,16777216,0,0,0,0,12,161826,158714,0.053,--------,stream-triad
ARM,2,5,16777216,0,0,0,0,12,163258,161271,0.028,--------,stream-triad
ARM,3,5,16777216,0,0,0,0,12,162856,162370,0.004,--------,stream-triad
ARM,1,5,1073741824,0,0,0,0,12,158624,158471,0.002,--------,stream-triad
ARM,2,5,1073741824,0,0,0,0,12,158758,158324,0.007,--------,stream-triad
ARM,3,5,1073741824,0,0,0,0,12,158702,158389,0.007,--------,stream-triad
ARM,1,5,32768,0,0,0,0,16,900724,900707,0,--------,stream-triad
ARM,2,5,32768,0,0,0,0,16,900724,900713,0,--------,stream-triad
ARM,3,5,32768,0,0,0,0,16,900735,900694,0,--------,stream-triad
ARM,1,5,524288,0,0,0,0,16,837847,837654,0,--------,stream-triad
ARM,2,5,524288,0,0,0,0,16,870729,870414,0.001,--------,stream-triad
ARM,3,5,524288,0,0,0,0,16,867426,867323,0,--------,stream-triad
ARM,1,5,16777216,0,0,0,0,16,161527,155274,0.056,--------,stream-triad
ARM,2,5,16777216,0,0,0,0,16,159301,155749,0.046,--------,stream-triad
ARM,3,5,16777216,0,0,0,0,16,163569,161341,0.027,--------,stream-triad
ARM,1,5,1073741824,0,0,0,0,16,162322,161309,0.017,--------,stream-triad
ARM,2,5,1073741824,0,0,0,0,16,162540,161980,0.01,--------,stream-triad
ARM,3,5,1073741824,0,0,0,0,16,162351,162146,0.002,--------,stream-triad
ARM,1,5,32768,0,0,0,0,20,1125859,1125833,0,--------,stream-triad
ARM,2,5,32768,0,0,0,0,20,1125860,1125771,0,--------,stream-triad
ARM,3,5,32768,0,0,0,0,20,1125854,1125824,0,--------,stream-triad
ARM,1,5,524288,0,0,0,0,20,1087377,1086514,0.002,--------,stream-triad
ARM,2,5,524288,0,0,0,0,20,1065702,1064864,0.003,--------,stream-triad
ARM,3,5,524288,0,0,0,0,20,1073466,1072969,0.001,--------,stream-triad
ARM,1,5,16777216,0,0,0,0,20,164441,163983,0.012,--------,stream-triad
ARM,2,5,16777216,0,0,0,0,20,164572,164477,0.001,--------,stream-triad
ARM,3,5,16777216,0,0,0,0,20,164642,163308,0.025,--------,stream-triad
ARM,1,5,1073741824,0,0,0,0,20,160851,157450,0.038,--------,stream-triad
ARM,2,5,1073741824,0,0,0,0,20,161846,161491,0.007,--------,stream-triad
ARM,3,5,1073741824,0,0,0,0,20,161896,161610,0.003,--------,stream-triad
ARM,1,5,32768,0,0,0,0,24,1350970,1350921,0,--------,stream-triad
ARM,2,5,32768,0,0,0,0,24,1350958,1350915,0,--------,stream-triad
ARM,3,5,32768,0,0,0,0,24,1350978,1350955,0,--------,stream-triad
ARM,1,5,524288,0,0,0,0,24,1255970,1254705,0.002,--------,stream-triad
ARM,2,5,524288,0,0,0,0,24,1301225,1300452,0.001,--------,stream-triad
ARM,3,5,524288,0,0,0,0,24,1296980,1295276,0.002,--------,stream-triad
ARM,1,5,16777216,0,0,0,0,24,161900,156601,0.052,--------,stream-triad
ARM,2,5,16777216,0,0,0,0,24,159561,156800,0.052,--------,stream-triad
ARM,3,5,16777216,0,0,0,0,24,160000,159149,0.012,--------,stream-triad
ARM,1,5,1073741824,0,0,0,0,24,161308,160345,0.023,--------,stream-triad
ARM,2,5,1073741824,0,0,0,0,24,161289,160756,0.01,--------,stream-triad
ARM,3,5,1073741824,0,0,0,0,24,161370,161018,0.006,--------,stream-triad
ARM,1,5,32768,0,0,0,0,28,1576073,1576036,0,--------,stream-triad
ARM,2,5,32768,0,0,0,0,28,1576064,1576036,0,--------,stream-triad
ARM,3,5,32768,0,0,0,0,28,1576071,1576007,0,--------,stream-triad
ARM,1,5,524288,0,0,0,0,28,1453749,1451877,0.003,--------,stream-triad
ARM,2,5,524288,0,0,0,0,28,1473073,1470918,0.002,--------,stream-triad
ARM,3,5,524288,0,0,0,0,28,1480732,1479739,0.001,--------,stream-triad
ARM,1,5,16777216,0,0,0,0,28,160159,158721,0.028,--------,stream-triad
ARM,2,5,16777216,0,0,0,0,28,162697,162466,0.004,--------,stream-triad
ARM,3,5,16777216,0,0,0,0,28,162677,162444,0.004,--------,stream-triad
ARM,1,5,1073741824,0,0,0,0,28,161167,159921,0.013,--------,stream-triad
ARM,2,5,1073741824,0,0,0,0,28,160834,160741,0.001,--------,stream-triad
ARM,3,5,1073741824,0,0,0,0,28,160739,160366,0.005,--------,stream-triad
ARM,1,5,32768,0,0,0,0,32,1801037,1800850,0,--------,stream-triad
ARM,2,5,32768,0,0,0,0,32,1801071,1800868,0.001,--------,stream-triad
ARM,3,5,32768,0,0,0,0,32,1801138,1800927,0,--------,stream-triad
ARM,1,5,524288,0,0,0,0,32,1710113,1709770,0.001,--------,stream-triad
ARM,2,5,524288,0,0,0,0,32,1709172,1707005,0.002,--------,stream-triad
ARM,3,5,524288,0,0,0,0,32,1752367,1750313,0.002,--------,stream-triad
ARM,1,5,16777216,0,0,0,0,32,159135,156339,0.035,--------,stream-triad
ARM,2,5,16777216,0,0,0,0,32,157759,156180,0.03,--------,stream-triad
ARM,3,5,16777216,0,0,0,0,32,159991,158903,0.023,--------,stream-triad
ARM,1,5,1073741824,0,0,0,0,32,160096,159131,0.02,--------,stream-triad
ARM,2,5,1073741824,0,0,0,0,32,160134,159856,0.003,--------,stream-triad
ARM,3,5,1073741824,0,0,0,0,32,161024,160441,0.012,--------,stream-triad
